<?xml version="1.0" encoding="UTF-8" standalone="no" ?>
<COLLADA xmlns="http://www.collada.org/2005/11/COLLADASchema" version="1.4.1">
    <asset>
        <contributor>
            <authoring_tool>SketchUp 25.0.575</authoring_tool>
        </contributor>
        <created>2026-10-02T09:37:24Z</created>
        <modified>2026-10-02T09:37:24Z</modified>
        <unit meter="0.0254" name="inch"/>
        <up_axis>Z_UP</up_axis>
    </asset>
    <library_cameras>
        <camera id="ID1" name="skp_camera_Last_Saved_SketchUp_View">
            <optics>
                <technique_common>
                    <perspective>
                        <yfov>35</yfov>
                        <aspect_ratio>0</aspect_ratio>
                        <znear>1</znear>
                        <zfar>1000</zfar>
                    </perspective>
                </technique_common>
            </optics>
        </camera>
    </library_cameras>
    <library_visual_scenes>
        <visual_scene id="ID2">
            <node name="SketchUp">
                <node name="skp_camera_Last_Saved_SketchUp_View">
                    <matrix>0.4985776 0.6830962 -0.5336666 -5.25224 -0.8668451 0.392892 -0.3069455 5.413805 1.110223e-16 0.6156424 0.7880257 38.66024 0 0 0 1</matrix>
                    <instance_camera url="#ID1"/>
                </node>
                <node id="ID3" name="line_H">
                    <matrix>-6.378812e-10 1 0 -3.149606 -1 -6.378812e-10 0 16.9685 0 0 1 0 0 0 0 1</matrix>
                    <instance_node url="#ID4"/>
                </node>
            </node>
        </visual_scene>
    </library_visual_scenes>
    <library_nodes>
        <node id="ID4" name="hirizontal_1">
            <instance_geometry url="#ID5">
                <bind_material>
                    <technique_common>
                        <instance_material symbol="Material2" target="#ID6">
                            <bind_vertex_input semantic="UVSET0" input_semantic="TEXCOORD" input_set="0"/>
                        </instance_material>
                    </technique_common>
                </bind_material>
            </instance_geometry>
            <instance_geometry url="#ID13">
                <bind_material>
                    <technique_common>
                        <instance_material symbol="Material2" target="#ID6">
                            <bind_vertex_input semantic="UVSET0" input_semantic="TEXCOORD" input_set="0"/>
                        </instance_material>
                    </technique_common>
                </bind_material>
            </instance_geometry>
            <instance_geometry url="#ID19">
                <bind_material>
                    <technique_common>
                        <instance_material symbol="Material2" target="#ID6">
                            <bind_vertex_input semantic="UVSET0" input_semantic="TEXCOORD" input_set="0"/>
                        </instance_material>
                    </technique_common>
                </bind_material>
            </instance_geometry>
            <instance_geometry url="#ID25">
                <bind_material>
                    <technique_common>
                        <instance_material symbol="Material2" target="#ID6">
                            <bind_vertex_input semantic="UVSET0" input_semantic="TEXCOORD" input_set="0"/>
                        </instance_material>
                    </technique_common>
                </bind_material>
            </instance_geometry>
            <instance_geometry url="#ID31">
                <bind_material>
                    <technique_common>
                        <instance_material symbol="Material2" target="#ID6">
                            <bind_vertex_input semantic="UVSET0" input_semantic="TEXCOORD" input_set="0"/>
                        </instance_material>
                    </technique_common>
                </bind_material>
            </instance_geometry>
            <instance_geometry url="#ID37">
                <bind_material>
                    <technique_common>
                        <instance_material symbol="Material2" target="#ID39">
                            <bind_vertex_input semantic="UVSET0" input_semantic="TEXCOORD" input_set="0"/>
                        </instance_material>
                    </technique_common>
                </bind_material>
            </instance_geometry>
            <instance_geometry url="#ID45">
                <bind_material>
                    <technique_common>
                        <instance_material symbol="Material2" target="#ID39">
                            <bind_vertex_input semantic="UVSET0" input_semantic="TEXCOORD" input_set="0"/>
                        </instance_material>
                    </technique_common>
                </bind_material>
            </instance_geometry>
            <instance_geometry url="#ID51">
                <bind_material>
                    <technique_common>
                        <instance_material symbol="Material2" target="#ID39">
                            <bind_vertex_input semantic="UVSET0" input_semantic="TEXCOORD" input_set="0"/>
                        </instance_material>
                    </technique_common>
                </bind_material>
            </instance_geometry>
            <instance_geometry url="#ID57">
                <bind_material>
                    <technique_common>
                        <instance_material symbol="Material2" target="#ID6">
                            <bind_vertex_input semantic="UVSET0" input_semantic="TEXCOORD" input_set="0"/>
                        </instance_material>
                    </technique_common>
                </bind_material>
            </instance_geometry>
            <instance_geometry url="#ID63">
                <bind_material>
                    <technique_common>
                        <instance_material symbol="Material2" target="#ID39">
                            <bind_vertex_input semantic="UVSET0" input_semantic="TEXCOORD" input_set="0"/>
                        </instance_material>
                    </technique_common>
                </bind_material>
            </instance_geometry>
            <instance_geometry url="#ID69">
                <bind_material>
                    <technique_common>
                        <instance_material symbol="Material2" target="#ID39">
                            <bind_vertex_input semantic="UVSET0" input_semantic="TEXCOORD" input_set="0"/>
                        </instance_material>
                    </technique_common>
                </bind_material>
            </instance_geometry>
            <instance_geometry url="#ID75">
                <bind_material>
                    <technique_common>
                        <instance_material symbol="Material2" target="#ID39">
                            <bind_vertex_input semantic="UVSET0" input_semantic="TEXCOORD" input_set="0"/>
                        </instance_material>
                    </technique_common>
                </bind_material>
            </instance_geometry>
            <instance_geometry url="#ID81">
                <bind_material>
                    <technique_common>
                        <instance_material symbol="Material2" target="#ID39">
                            <bind_vertex_input semantic="UVSET0" input_semantic="TEXCOORD" input_set="0"/>
                        </instance_material>
                    </technique_common>
                </bind_material>
            </instance_geometry>
            <instance_geometry url="#ID87">
                <bind_material>
                    <technique_common>
                        <instance_material symbol="Material2" target="#ID39">
                            <bind_vertex_input semantic="UVSET0" input_semantic="TEXCOORD" input_set="0"/>
                        </instance_material>
                    </technique_common>
                </bind_material>
            </instance_geometry>
            <instance_geometry url="#ID93">
                <bind_material>
                    <technique_common>
                        <instance_material symbol="Material2" target="#ID39">
                            <bind_vertex_input semantic="UVSET0" input_semantic="TEXCOORD" input_set="0"/>
                        </instance_material>
                    </technique_common>
                </bind_material>
            </instance_geometry>
            <instance_geometry url="#ID99">
                <bind_material>
                    <technique_common>
                        <instance_material symbol="Material2" target="#ID39">
                            <bind_vertex_input semantic="UVSET0" input_semantic="TEXCOORD" input_set="0"/>
                        </instance_material>
                    </technique_common>
                </bind_material>
            </instance_geometry>
        </node>
    </library_nodes>
    <library_geometries>
        <geometry id="ID5">
            <mesh>
                <source id="ID8">
                    <float_array id="ID11" count="144">4.678475 0.3477667 3.16421e-05 4.668152 0.3612204 0.1968783 4.678475 0.3477667 0.1968783 4.668152 0.3612205 3.164211e-05 4.661662 0.3768877 0.1968783 4.661662 0.3768877 3.164253e-05 4.691929 0.3374432 3.164251e-05 4.691929 0.3374432 0.1968783 4.659449 0.3937008 0.1968783 4.659449 0.3937008 3.164333e-05 4.707596 0.3309536 3.16433e-05 4.707596 0.3309536 0.1968783 4.661662 0.4105138 0.1968783 4.661662 0.4105138 3.164447e-05 4.724409 0.3287402 3.164443e-05 4.724409 0.3287401 0.1968783 4.668152 0.4261811 0.1968783 4.668152 0.4261811 3.164585e-05 4.741222 0.3309536 3.164581e-05 4.741222 0.3309536 0.1968783 4.678475 0.4396349 0.1968783 4.678475 0.4396349 3.16474e-05 4.75689 0.3374432 3.164735e-05 4.75689 0.3374432 0.1968783 4.691929 0.4499583 3.1649e-05 4.691929 0.4499583 0.1968783 4.770344 0.3477667 3.164895e-05 4.770344 0.3477667 0.1968783 4.707596 0.4564479 3.165054e-05 4.707596 0.4564479 0.1968783 4.780667 0.3612204 0.1968783 4.780667 0.3612205 3.16505e-05 4.724409 0.4586614 3.165192e-05 4.724409 0.4586614 0.1968783 4.787157 0.3768877 0.1968783 4.787157 0.3768877 3.165189e-05 4.741222 0.4564479 3.165305e-05 4.741222 0.4564479 0.1968783 4.78937 0.3937008 0.1968783 4.78937 0.3937008 3.165302e-05 4.75689 0.4499583 3.165384e-05 4.75689 0.4499583 0.1968783 4.787157 0.4105138 0.1968783 4.787157 0.4105138 3.165383e-05 4.770344 0.4396349 3.165425e-05 4.770344 0.4396349 0.1968783 4.780667 0.4261811 0.1968783 4.780667 0.4261811 3.165424e-05</float_array>
                    <technique_common>
                        <accessor count="48" source="#ID11" stride="3">
                            <param name="X" type="float"/>
                            <param name="Y" type="float"/>
                            <param name="Z" type="float"/>
                        </accessor>
                    </technique_common>
                </source>
                <source id="ID9">
                    <float_array id="ID12" count="144">0.7071068 0.7071068 1.46934e-07 0.8660254 0.5 1.467904e-07 0.7071068 0.7071068 1.46934e-07 0.8660254 0.5 1.467904e-07 0.9659258 0.258819 1.366434e-07 0.9659258 0.258819 1.366434e-07 0.5 0.8660254 1.370642e-07 0.5 0.8660254 1.370642e-07 1 5.749834e-09 1.171843e-07 1 -5.749847e-09 1.171843e-07 0.258819 0.9659258 1.178538e-07 0.2588191 0.9659258 1.178538e-07 0.9659258 -0.258819 8.973925e-08 0.9659258 -0.2588191 8.973925e-08 -7.435999e-09 1 9.061177e-08 7.435999e-09 1 9.061177e-08 0.8660254 -0.5 5.617866e-08 0.8660254 -0.5 5.617866e-08 -0.2588191 0.9659258 5.719473e-08 -0.258819 0.9659258 5.719473e-08 0.7071068 -0.7071068 1.878959e-08 0.7071068 -0.7071068 1.878959e-08 -0.5 0.8660254 1.987997e-08 -0.5 0.8660254 1.987997e-08 0.5 -0.8660254 -1.987997e-08 0.5 -0.8660254 -1.987997e-08 -0.7071068 0.7071068 -1.878959e-08 -0.7071068 0.7071068 -1.878959e-08 0.258819 -0.9659258 -5.719473e-08 0.2588191 -0.9659258 -5.719473e-08 -0.8660254 0.5 -5.617866e-08 -0.8660254 0.5 -5.617866e-08 -7.435986e-09 -1 -9.061177e-08 7.436013e-09 -1 -9.061177e-08 -0.9659258 0.2588191 -8.973925e-08 -0.9659258 0.258819 -8.973925e-08 -0.2588191 -0.9659258 -1.178538e-07 -0.258819 -0.9659258 -1.178538e-07 -1 5.7499e-09 -1.171843e-07 -1 -5.749887e-09 -1.171843e-07 -0.5 -0.8660254 -1.370642e-07 -0.5 -0.8660254 -1.370642e-07 -0.9659258 -0.258819 -1.366434e-07 -0.9659258 -0.258819 -1.366434e-07 -0.7071068 -0.7071068 -1.46934e-07 -0.7071068 -0.7071068 -1.46934e-07 -0.8660254 -0.5 -1.467904e-07 -0.8660254 -0.5 -1.467904e-07</float_array>
                    <technique_common>
                        <accessor count="48" source="#ID12" stride="3">
                            <param name="X" type="float"/>
                            <param name="Y" type="float"/>
                            <param name="Z" type="float"/>
                        </accessor>
                    </technique_common>
                </source>
                <vertices id="ID10">
                    <input semantic="POSITION" source="#ID8"/>
                    <input semantic="NORMAL" source="#ID9"/>
                </vertices>
                <triangles count="48" material="Material2">
                    <input offset="0" semantic="VERTEX" source="#ID10"/>
                    <p>0 1 2 1 0 3 3 4 1 4 3 5 2 6 0 6 2 7 5 8 4 8 5 9 7 10 6 10 7 11 9 12 8 12 9 13 11 14 10 14 11 15 13 16 12 16 13 17 15 18 14 18 15 19 17 20 16 20 17 21 19 22 18 22 19 23 24 20 21 20 24 25 23 26 22 26 23 27 28 25 24 25 28 29 30 26 27 26 30 31 32 29 28 29 32 33 34 31 30 31 34 35 36 33 32 33 36 37 38 35 34 35 38 39 40 37 36 37 40 41 42 39 38 39 42 43 44 41 40 41 44 45 46 43 42 43 46 47 45 47 46 47 45 44</p>
                </triangles>
            </mesh>
        </geometry>
        <geometry id="ID13">
            <mesh>
                <source id="ID14">
                    <float_array id="ID17" count="288">4.724409 0.503937 0.3346457 4.695878 0.5001808 0.1968779 4.724409 0.503937 0.1968779 4.695878 0.5001808 0.3346457 4.669291 0.4891682 0.1968779 4.669291 0.4891682 0.3346457 4.617929 0.3651696 0.1968779 4.617929 0.422232 0.1968779 4.614173 0.3937008 0.1968779 4.628942 0.3385827 0.1968779 4.628942 0.4488189 0.1968779 4.646461 0.315752 0.1968779 4.646461 0.4716496 0.1968779 4.669291 0.2982334 0.1968779 4.659449 0.3937008 0.1968783 4.661662 0.3768877 0.1968783 4.668152 0.3612204 0.1968783 4.678475 0.3477667 0.1968783 4.695878 0.2872208 0.1968779 4.691929 0.3374432 0.1968783 4.707596 0.3309536 0.1968783 4.724409 0.2834646 0.1968779 4.724409 0.3287401 0.1968783 4.741222 0.3309536 0.1968783 4.752941 0.2872208 0.1968779 4.75689 0.3374432 0.1968783 4.779528 0.2982334 0.1968779 4.770344 0.3477667 0.1968783 4.780667 0.3612204 0.1968783 4.802358 0.315752 0.1968779 4.787157 0.3768877 0.1968783 4.78937 0.3937008 0.1968783 4.669291 0.4891682 0.1968779 4.661662 0.4105138 0.1968783 4.668152 0.4261811 0.1968783 4.678475 0.4396349 0.1968783 4.695878 0.5001808 0.1968779 4.691929 0.4499583 0.1968783 4.707596 0.4564479 0.1968783 4.724409 0.503937 0.1968779 4.724409 0.4586614 0.1968783 4.741222 0.4564479 0.1968783 4.752941 0.5001808 0.1968779 4.75689 0.4499583 0.1968783 4.779528 0.4891682 0.1968779 4.770344 0.4396349 0.1968783 4.780667 0.4261811 0.1968783 4.802358 0.4716496 0.1968779 4.787157 0.4105138 0.1968783 4.819877 0.3385827 0.1968779 4.819877 0.4488189 0.1968779 4.830889 0.3651696 0.1968779 4.830889 0.422232 0.1968779 4.834646 0.3937008 0.1968779 4.752941 0.5001808 0.3346457 4.752941 0.5001808 0.1968779 4.646461 0.4716496 0.3346457 4.646461 0.4716496 0.1968779 4.628942 0.4488189 0.3346457 4.628942 0.4488189 0.1968779 4.617929 0.422232 0.3346457 4.617929 0.422232 0.1968779 4.614173 0.3937008 0.3346457 4.614173 0.3937008 0.1968779 4.617929 0.3651696 0.3346457 4.617929 0.3651696 0.1968779 4.628942 0.3385827 0.3346457 4.628942 0.3385827 0.1968779 4.646461 0.315752 0.3346457 4.646461 0.315752 0.1968779 4.669291 0.2982334 0.1968779 4.669291 0.2982334 0.3346457 4.695878 0.2872208 0.1968779 4.695878 0.2872208 0.3346457 4.724409 0.2834646 0.1968779 4.724409 0.2834646 0.3346457 4.752941 0.2872208 0.1968779 4.752941 0.2872208 0.3346457 4.779528 0.2982334 0.3346457 4.779528 0.2982334 0.1968779 4.802358 0.315752 0.1968779 4.802358 0.315752 0.3346457 4.819877 0.3385827 0.3346457 4.819877 0.3385827 0.1968779 4.830889 0.3651696 0.3346457 4.830889 0.3651696 0.1968779 4.834646 0.3937008 0.3346457 4.834646 0.3937008 0.1968779 4.830889 0.422232 0.3346457 4.830889 0.422232 0.1968779 4.819877 0.4488189 0.3346457 4.819877 0.4488189 0.1968779 4.802358 0.4716496 0.3346457 4.802358 0.4716496 0.1968779 4.779528 0.4891682 0.1968779 4.779528 0.4891682 0.3346457</float_array>
                    <technique_common>
                        <accessor count="96" source="#ID17" stride="3">
                            <param name="X" type="float"/>
                            <param name="Y" type="float"/>
                            <param name="Z" type="float"/>
                        </accessor>
                    </technique_common>
                </source>
                <source id="ID15">
                    <float_array id="ID18" count="288">1.55588e-14 -1 1.024164e-18 0.258819 -0.9659258 5.452368e-14 5.613999e-16 -1 1.024164e-18 0.258819 -0.9659258 5.452368e-14 0.5 -0.8660254 1.053251e-13 0.5 -0.8660254 1.053251e-13 9.974837e-31 0 1 9.974837e-31 0 1 9.974837e-31 0 1 9.974837e-31 0 1 9.974837e-31 0 1 9.974837e-31 0 1 9.974837e-31 0 1 9.974837e-31 0 1 9.974837e-31 0 1 9.974837e-31 0 1 9.974837e-31 0 1 9.974837e-31 0 1 9.974837e-31 0 1 9.974837e-31 0 1 9.974837e-31 0 1 9.974837e-31 0 1 9.974837e-31 0 1 9.974837e-31 0 1 9.974837e-31 0 1 9.974837e-31 0 1 9.974837e-31 0 1 9.974837e-31 0 1 9.974837e-31 0 1 9.974837e-31 0 1 9.974837e-31 0 1 9.974837e-31 0 1 9.974837e-31 0 1 9.974837e-31 0 1 9.974837e-31 0 1 9.974837e-31 0 1 9.974837e-31 0 1 9.974837e-31 0 1 9.974837e-31 0 1 9.974837e-31 0 1 9.974837e-31 0 1 9.974837e-31 0 1 9.974837e-31 0 1 9.974837e-31 0 1 9.974837e-31 0 1 9.974837e-31 0 1 9.974837e-31 0 1 9.974837e-31 0 1 9.974837e-31 0 1 9.974837e-31 0 1 9.974837e-31 0 1 9.974837e-31 0 1 9.974837e-31 0 1 9.974837e-31 0 1 -0.258819 -0.9659258 -5.45204e-14 -0.258819 -0.9659258 -5.45204e-14 0.7071068 -0.7071068 1.489482e-13 0.7071068 -0.7071068 1.489482e-13 0.8660254 -0.5 1.824309e-13 0.8660254 -0.5 1.824309e-13 0.9659258 -0.258819 2.03479e-13 0.9659258 -0.258819 2.03479e-13 1 0 2.106555e-13 1 0 2.106555e-13 0.9659258 0.258819 2.03479e-13 0.9659258 0.258819 2.03479e-13 0.8660254 0.5 1.824309e-13 0.8660254 0.5 1.824309e-13 0.7071068 0.7071068 1.489501e-13 0.7071068 0.7071068 1.489501e-13 0.5 0.8660254 1.053239e-13 0.5 0.8660254 1.053239e-13 0.258819 0.9659258 5.451958e-14 0.258819 0.9659258 5.451958e-14 3.15988e-14 1 -7.289536e-20 -1.54786e-14 1 -7.289537e-20 -0.258819 0.9659258 -5.45204e-14 -0.258819 0.9659258 -5.45204e-14 -0.5 0.8660254 -1.053294e-13 -0.5 0.8660254 -1.053294e-13 -0.7071068 0.7071068 -1.489556e-13 -0.7071068 0.7071068 -1.489556e-13 -0.8660254 0.5 -1.82429e-13 -0.8660254 0.5 -1.82429e-13 -0.9659258 0.258819 -2.034772e-13 -0.9659258 0.258819 -2.034772e-13 -1 8.91111e-18 -2.106565e-13 -1 1.782222e-17 -2.106565e-13 -0.9659258 -0.258819 -2.034799e-13 -0.9659258 -0.258819 -2.034799e-13 -0.8660254 -0.5 -1.824326e-13 -0.8660254 -0.5 -1.824326e-13 -0.7071068 -0.7071068 -1.489556e-13 -0.7071068 -0.7071068 -1.489556e-13 -0.5 -0.8660254 -1.053294e-13 -0.5 -0.8660254 -1.053294e-13</float_array>
                    <technique_common>
                        <accessor count="96" source="#ID18" stride="3">
                            <param name="X" type="float"/>
                            <param name="Y" type="float"/>
                            <param name="Z" type="float"/>
                        </accessor>
                    </technique_common>
                </source>
                <vertices id="ID16">
                    <input semantic="POSITION" source="#ID14"/>
                    <input semantic="NORMAL" source="#ID15"/>
                </vertices>
                <triangles count="96" material="Material2">
                    <input offset="0" semantic="VERTEX" source="#ID16"/>
                    <p>0 1 2 1 0 3 3 4 1 4 3 5 6 7 8 7 6 9 7 9 10 10 9 11 10 11 12 12 11 13 12 13 14 14 13 15 15 13 16 16 13 17 17 13 18 17 18 19 19 18 20 20 18 21 20 21 22 22 21 23 23 21 24 23 24 25 25 24 26 25 26 27 27 26 28 28 26 29 28 29 30 30 29 31 14 32 12 32 14 33 32 33 34 32 34 35 32 35 36 36 35 37 36 37 38 36 38 39 39 38 40 39 40 41 39 41 42 42 41 43 42 43 44 44 43 45 44 45 46 44 46 47 47 46 48 47 48 31 47 31 29 47 29 49 47 49 50 50 49 51 50 51 52 52 51 53 54 2 55 2 54 0 4 56 57 56 4 5 57 58 59 58 57 56 59 60 61 60 59 58 61 62 63 62 61 60 63 64 65 64 63 62 65 66 67 66 65 64 67 68 69 68 67 66 68 70 69 70 68 71 71 72 70 72 71 73 73 74 72 74 73 75 75 76 74 76 75 77 76 78 79 78 76 77 78 80 79 80 78 81 82 80 81 80 82 83 84 83 82 83 84 85 86 85 84 85 86 87 88 87 86 87 88 89 90 89 88 89 90 91 92 91 90 91 92 93 92 94 93 94 92 95 95 55 94 55 95 54</p>
                </triangles>
            </mesh>
        </geometry>
        <geometry id="ID19">
            <mesh>
                <source id="ID20">
                    <float_array id="ID23" count="144">9.071422 0.4545659 0.1968671 9.055118 0.4567124 2.042612e-05 9.071422 0.454566 2.042478e-05 9.055118 0.4567123 0.1968671 9.086614 0.448273 0.1968671 9.086614 0.448273 2.042329e-05 9.038815 0.454566 2.042721e-05 9.038815 0.4545659 0.1968671 9.09966 0.4382624 0.1968671 9.09966 0.4382624 2.042174e-05 9.023622 0.448273 2.042798e-05 9.023622 0.448273 0.1968671 9.109671 0.4252163 2.042024e-05 9.109671 0.4252163 0.1968671 9.010576 0.4382624 2.042838e-05 9.010576 0.4382624 0.1968671 9.115964 0.4100238 2.041889e-05 9.115964 0.4100238 0.1968671 9.000565 0.4252163 2.042837e-05 9.000565 0.4252163 0.1968671 9.11811 0.3937202 2.041779e-05 9.11811 0.3937202 0.1968671 8.994272 0.4100238 2.042797e-05 8.994272 0.4100238 0.1968671 9.115964 0.3774167 2.041701e-05 9.115964 0.3774166 0.1968671 8.992126 0.3937202 2.042719e-05 8.992126 0.3937202 0.1968671 9.109671 0.3622242 2.04166e-05 9.109671 0.3622241 0.1968671 8.994272 0.3774167 2.042609e-05 8.994272 0.3774166 0.1968671 9.09966 0.3491781 2.04166e-05 9.09966 0.349178 0.1968671 9.000565 0.3622242 2.042474e-05 9.000565 0.3622241 0.1968671 9.086614 0.3391674 2.041699e-05 9.086614 0.3391674 0.1968671 9.010576 0.3491781 2.042324e-05 9.010576 0.349178 0.1968671 9.071422 0.3328745 2.041776e-05 9.071422 0.3328745 0.1968671 9.023622 0.3391674 0.1968671 9.023622 0.3391674 2.042169e-05 9.055118 0.3307281 2.041886e-05 9.055118 0.3307281 0.1968671 9.038815 0.3328745 0.1968671 9.038815 0.3328745 2.04202e-05</float_array>
                    <technique_common>
                        <accessor count="48" source="#ID23" stride="3">
                            <param name="X" type="float"/>
                            <param name="Y" type="float"/>
                            <param name="Z" type="float"/>
                        </accessor>
                    </technique_common>
                </source>
                <source id="ID21">
                    <float_array id="ID24" count="144">-0.2588191 -0.9659258 -5.71947e-08 7.435996e-09 -1 -9.061175e-08 -0.258819 -0.9659258 -5.71947e-08 -7.436023e-09 -1 -9.061175e-08 -0.5 -0.8660254 -1.987992e-08 -0.5 -0.8660254 -1.987993e-08 0.2588191 -0.9659258 -1.178538e-07 0.258819 -0.9659258 -1.178538e-07 -0.7071068 -0.7071068 1.878963e-08 -0.7071068 -0.7071068 1.878963e-08 0.5 -0.8660254 -1.370642e-07 0.5 -0.8660254 -1.370642e-07 -0.8660254 -0.5 5.617871e-08 -0.8660254 -0.5 5.617871e-08 0.7071068 -0.7071068 -1.46934e-07 0.7071068 -0.7071068 -1.46934e-07 -0.9659258 -0.2588191 8.97393e-08 -0.9659258 -0.258819 8.97393e-08 0.8660254 -0.5 -1.467905e-07 0.8660254 -0.5 -1.467905e-07 -1 -5.749915e-09 1.171843e-07 -1 5.749901e-09 1.171843e-07 0.9659258 -0.258819 -1.366434e-07 0.9659258 -0.258819 -1.366434e-07 -0.9659258 0.258819 1.366434e-07 -0.9659258 0.258819 1.366434e-07 1 -5.749846e-09 -1.171843e-07 1 5.749852e-09 -1.171843e-07 -0.8660254 0.5 1.467905e-07 -0.8660254 0.5 1.467905e-07 0.9659258 0.258819 -8.97393e-08 0.9659258 0.2588191 -8.97393e-08 -0.7071068 0.7071068 1.46934e-07 -0.7071068 0.7071068 1.46934e-07 0.8660254 0.5 -5.617871e-08 0.8660254 0.5 -5.617871e-08 -0.5 0.8660254 1.370642e-07 -0.5 0.8660254 1.370642e-07 0.7071068 0.7071068 -1.878963e-08 0.7071068 0.7071068 -1.878963e-08 -0.258819 0.9659258 1.178538e-07 -0.2588191 0.9659258 1.178538e-07 0.5 0.8660254 1.987993e-08 0.5 0.8660254 1.987992e-08 7.436016e-09 1 9.061175e-08 -7.436004e-09 1 9.061175e-08 0.258819 0.9659258 5.71947e-08 0.2588191 0.9659258 5.71947e-08</float_array>
                    <technique_common>
                        <accessor count="48" source="#ID24" stride="3">
                            <param name="X" type="float"/>
                            <param name="Y" type="float"/>
                            <param name="Z" type="float"/>
                        </accessor>
                    </technique_common>
                </source>
                <vertices id="ID22">
                    <input semantic="POSITION" source="#ID20"/>
                    <input semantic="NORMAL" source="#ID21"/>
                </vertices>
                <triangles count="48" material="Material2">
                    <input offset="0" semantic="VERTEX" source="#ID22"/>
                    <p>0 1 2 1 0 3 4 2 5 2 4 0 3 6 1 6 3 7 8 5 9 5 8 4 7 10 6 10 7 11 8 12 13 12 8 9 11 14 10 14 11 15 13 16 17 16 13 12 18 15 19 15 18 14 17 20 21 20 17 16 22 19 23 19 22 18 21 24 25 24 21 20 26 23 27 23 26 22 25 28 29 28 25 24 30 27 31 27 30 26 29 32 33 32 29 28 34 31 35 31 34 30 36 33 32 33 36 37 38 35 39 35 38 34 40 37 36 37 40 41 38 42 43 42 38 39 44 41 40 41 44 45 43 46 47 46 43 42 47 45 44 45 47 46</p>
                </triangles>
            </mesh>
        </geometry>
        <geometry id="ID25">
            <mesh>
                <source id="ID26">
                    <float_array id="ID29" count="288">8.948638 0.365189 0.1968667 8.948638 0.4222515 0.1968667 8.944882 0.3937202 0.1968667 8.959651 0.3386021 0.1968667 8.959651 0.4488383 0.1968667 8.977169 0.3157715 0.1968667 8.977169 0.471669 0.1968667 9 0.2982529 0.1968667 8.992126 0.3937202 0.1968671 8.994272 0.3774166 0.1968671 9.000565 0.3622241 0.1968671 9.026587 0.2872402 0.1968667 9.010576 0.349178 0.1968671 9.023622 0.3391674 0.1968671 9.038815 0.3328745 0.1968671 9.055118 0.283484 0.1968667 9.055118 0.3307281 0.1968671 9.083649 0.2872402 0.1968667 9.071422 0.3328745 0.1968671 9.086614 0.3391674 0.1968671 9.110236 0.2982529 0.1968667 9.09966 0.349178 0.1968671 9.109671 0.3622241 0.1968671 9.115964 0.3774166 0.1968671 9.133067 0.3157715 0.1968667 9.11811 0.3937202 0.1968671 9 0.4891876 0.1968667 8.994272 0.4100238 0.1968671 9.000565 0.4252163 0.1968671 9.026587 0.5002002 0.1968667 9.010576 0.4382624 0.1968671 9.023622 0.448273 0.1968671 9.038815 0.4545659 0.1968671 9.055118 0.5039565 0.1968667 9.055118 0.4567123 0.1968671 9.083649 0.5002002 0.1968667 9.071422 0.4545659 0.1968671 9.086614 0.448273 0.1968671 9.110236 0.4891876 0.1968667 9.09966 0.4382624 0.1968671 9.109671 0.4252163 0.1968671 9.115964 0.4100238 0.1968671 9.133067 0.471669 0.1968667 9.150585 0.3386021 0.1968667 9.150585 0.4488383 0.1968667 9.161598 0.365189 0.1968667 9.161598 0.4222515 0.1968667 9.165354 0.3937202 0.1968667 9.133067 0.471669 0.3346457 9.110236 0.4891876 0.1968667 9.133067 0.471669 0.1968667 9.110236 0.4891876 0.3346457 9.083649 0.5002002 0.1968667 9.083649 0.5002002 0.3346457 9.055118 0.5039565 0.3346457 9.055118 0.5039565 0.1968667 9.026587 0.5002002 0.1968667 9.026587 0.5002002 0.3346457 9 0.4891876 0.1968667 9 0.4891876 0.3346457 8.977169 0.471669 0.1968667 8.977169 0.471669 0.3346457 8.959651 0.4488383 0.1968667 8.959651 0.4488383 0.3346457 8.948638 0.4222515 0.1968667 8.948638 0.4222515 0.3346457 8.944882 0.3937202 0.1968667 8.944882 0.3937202 0.3346457 8.948638 0.365189 0.1968667 8.948638 0.365189 0.3346457 8.959651 0.3386021 0.1968667 8.959651 0.3386021 0.3346457 8.977169 0.3157715 0.1968667 8.977169 0.3157715 0.3346457 9 0.2982529 0.1968667 9 0.2982529 0.3346457 9.026587 0.2872402 0.1968667 9.026587 0.2872402 0.3346457 9.055118 0.283484 0.1968667 9.055118 0.283484 0.3346457 9.083649 0.2872402 0.1968667 9.083649 0.2872402 0.3346457 9.110236 0.2982529 0.1968667 9.110236 0.2982529 0.3346457 9.133067 0.3157715 0.1968667 9.133067 0.3157715 0.3346457 9.150585 0.3386021 0.3346457 9.150585 0.3386021 0.1968667 9.161598 0.365189 0.3346457 9.161598 0.365189 0.1968667 9.165354 0.3937202 0.3346457 9.165354 0.3937202 0.1968667 9.161598 0.4222515 0.3346457 9.161598 0.4222515 0.1968667 9.150585 0.4488383 0.3346457 9.150585 0.4488383 0.1968667</float_array>
                    <technique_common>
                        <accessor count="96" source="#ID29" stride="3">
                            <param name="X" type="float"/>
                            <param name="Y" type="float"/>
                            <param name="Z" type="float"/>
                        </accessor>
                    </technique_common>
                </source>
                <source id="ID27">
                    <float_array id="ID30" count="288">9.974837e-31 0 1 9.974837e-31 0 1 9.974837e-31 0 1 9.974837e-31 0 1 9.974837e-31 0 1 9.974837e-31 0 1 9.974837e-31 0 1 9.974837e-31 0 1 9.974837e-31 0 1 9.974837e-31 0 1 9.974837e-31 0 1 9.974837e-31 0 1 9.974837e-31 0 1 9.974837e-31 0 1 9.974837e-31 0 1 9.974837e-31 0 1 9.974837e-31 0 1 9.974837e-31 0 1 9.974837e-31 0 1 9.974837e-31 0 1 9.974837e-31 0 1 9.974837e-31 0 1 9.974837e-31 0 1 9.974837e-31 0 1 9.974837e-31 0 1 9.974837e-31 0 1 9.974837e-31 0 1 9.974837e-31 0 1 9.974837e-31 0 1 9.974837e-31 0 1 9.974837e-31 0 1 9.974837e-31 0 1 9.974837e-31 0 1 9.974837e-31 0 1 9.974837e-31 0 1 9.974837e-31 0 1 9.974837e-31 0 1 9.974837e-31 0 1 9.974837e-31 0 1 9.974837e-31 0 1 9.974837e-31 0 1 9.974837e-31 0 1 9.974837e-31 0 1 9.974837e-31 0 1 9.974837e-31 0 1 9.974837e-31 0 1 9.974837e-31 0 1 9.974837e-31 0 1 -0.7071068 -0.7071068 -8.511132e-14 -0.5 -0.8660254 -1.042393e-13 -0.7071068 -0.7071068 -8.511132e-14 -0.5 -0.8660254 -1.042393e-13 -0.258819 -0.9659258 -1.162534e-13 -0.258819 -0.9659258 -1.162534e-13 -2.299066e-14 -1 -1.203534e-13 3.908413e-14 -1 -1.203534e-13 0.258819 -0.9659258 -1.162524e-13 0.258819 -0.9659258 -1.162524e-13 0.5 -0.8660254 -1.042393e-13 0.5 -0.8660254 -1.042393e-13 0.7071068 -0.7071068 -8.511315e-14 0.7071068 -0.7071068 -8.511315e-14 0.8660254 -0.5 -6.018298e-14 0.8660254 -0.5 -6.018298e-14 0.9659258 -0.258819 -3.115486e-14 0.9659258 -0.258819 -3.115486e-14 1 -4.295155e-15 -5.156556e-28 1 4.295155e-15 5.156556e-28 0.9659258 0.258819 3.114836e-14 0.9659258 0.258819 3.114836e-14 0.8660254 0.5 6.017563e-14 0.8660254 0.5 6.017563e-14 0.7071068 0.7071068 8.51123e-14 0.7071068 0.7071068 8.51123e-14 0.5 0.8660254 1.042393e-13 0.5 0.8660254 1.042393e-13 0.258819 0.9659258 1.162514e-13 0.258819 0.9659258 1.162514e-13 8.046732e-15 1 1.203514e-13 8.046732e-15 1 1.203514e-13 -0.258819 0.9659258 1.162524e-13 -0.258819 0.9659258 1.162524e-13 -0.5 0.8660254 1.042393e-13 -0.5 0.8660254 1.042393e-13 -0.7071068 0.7071068 8.51123e-14 -0.7071068 0.7071068 8.51123e-14 -0.8660254 0.5 6.017563e-14 -0.8660254 0.5 6.017563e-14 -0.9659258 0.258819 3.114836e-14 -0.9659258 0.258819 3.114836e-14 -1 4.295155e-15 -1.294711e-27 -1 -4.295155e-15 -2.327035e-27 -0.9659258 -0.258819 -3.114762e-14 -0.9659258 -0.258819 -3.114762e-14 -0.8660254 -0.5 -6.017391e-14 -0.8660254 -0.5 -6.017391e-14</float_array>
                    <technique_common>
                        <accessor count="96" source="#ID30" stride="3">
                            <param name="X" type="float"/>
                            <param name="Y" type="float"/>
                            <param name="Z" type="float"/>
                        </accessor>
                    </technique_common>
                </source>
                <vertices id="ID28">
                    <input semantic="POSITION" source="#ID26"/>
                    <input semantic="NORMAL" source="#ID27"/>
                </vertices>
                <triangles count="96" material="Material2">
                    <input offset="0" semantic="VERTEX" source="#ID28"/>
                    <p>0 1 2 1 0 3 1 3 4 4 3 5 4 5 6 6 5 7 6 7 8 8 7 9 9 7 10 10 7 11 10 11 12 12 11 13 13 11 14 14 11 15 14 15 16 16 15 17 16 17 18 18 17 19 19 17 20 19 20 21 21 20 22 22 20 23 23 20 24 23 24 25 8 26 6 26 8 27 26 27 28 26 28 29 29 28 30 29 30 31 29 31 32 29 32 33 33 32 34 33 34 35 35 34 36 35 36 37 35 37 38 38 37 39 38 39 40 38 40 41 38 41 42 42 41 25 42 25 24 42 24 43 42 43 44 44 43 45 44 45 46 46 45 47 48 49 50 49 48 51 51 52 49 52 51 53 52 54 55 54 52 53 54 56 55 56 54 57 57 58 56 58 57 59 59 60 58 60 59 61 62 61 63 61 62 60 64 63 65 63 64 62 66 65 67 65 66 64 68 67 69 67 68 66 70 69 71 69 70 68 72 71 73 71 72 70 73 74 72 74 73 75 75 76 74 76 75 77 77 78 76 78 77 79 79 80 78 80 79 81 81 82 80 82 81 83 83 84 82 84 83 85 86 84 85 84 86 87 88 87 86 87 88 89 90 89 88 89 90 91 92 91 90 91 92 93 94 93 92 93 94 95 48 95 94 95 48 50</p>
                </triangles>
            </mesh>
        </geometry>
        <geometry id="ID31">
            <mesh>
                <source id="ID32">
                    <float_array id="ID35" count="372">-1.687539e-14 0.1932078 0.3346457 3.197442e-14 0.1181102 0 0 0 0 2.309264e-14 0.2961068 0.3346457 13.8189 0.1932078 0.3346457 0 0 0 13.8189 -7.105427e-15 0 -1.687539e-14 0.1932078 0.3346457 3.197442e-14 0.1181102 0 -0.1181102 0.2594605 0.265748 -0.1181102 0.1181102 -2.4869e-14 2.309264e-14 0.2961068 0.3346457 -0.0492126 0.2961068 0.3346457 3.197442e-14 0.1181102 0 13.8189 -7.105427e-15 0 0 0 0 4.015748 0.27561 4.084498e-05 4.015748 0.5118305 4.084498e-05 4.409449 0.27561 4.084498e-05 5.03937 0.27561 4.084498e-05 4.707596 0.3309536 3.16433e-05 4.691929 0.3374432 3.164251e-05 4.678475 0.3477667 3.16421e-05 4.668152 0.3612205 3.164211e-05 4.661662 0.3768877 3.164253e-05 4.659449 0.3937008 3.164333e-05 4.724409 0.3287402 3.164443e-05 4.741222 0.3309536 3.164581e-05 4.75689 0.3374432 3.164735e-05 4.770344 0.3477667 3.164895e-05 4.780667 0.3612205 3.16505e-05 4.787157 0.3768877 3.165189e-05 4.78937 0.3937008 3.165302e-05 5.03937 0.5118305 4.084498e-05 5.433071 0.27561 4.084498e-05 8.346457 0.27561 2.042249e-05 8.346457 0.5118305 2.042249e-05 8.740157 0.27561 2.042249e-05 9.370079 0.27561 2.042249e-05 9.038815 0.3328745 2.04202e-05 9.023622 0.3391674 2.042169e-05 9.010576 0.3491781 2.042324e-05 9.000565 0.3622242 2.042474e-05 8.994272 0.3774167 2.042609e-05 8.992126 0.3937202 2.042719e-05 9.055118 0.3307281 2.041886e-05 9.071422 0.3328745 2.041776e-05 9.086614 0.3391674 2.041699e-05 9.09966 0.3491781 2.04166e-05 9.109671 0.3622242 2.04166e-05 9.115964 0.3774167 2.041701e-05 9.11811 0.3937202 2.041779e-05 9.370079 0.5118305 2.042249e-05 9.76378 0.27561 2.042249e-05 14.62598 0.7874015 -2.4869e-14 -0.8070866 0.5511811 -2.131628e-14 -0.8070866 0.7874015 -2.131628e-14 -0.1181102 0.5511811 -2.4869e-14 -0.1181102 0.1181102 -2.4869e-14 4.409449 0.5118305 4.084498e-05 4.707596 0.4564479 3.165054e-05 4.691929 0.4499583 3.1649e-05 4.678475 0.4396349 3.16474e-05 4.668152 0.4261811 3.164585e-05 4.661662 0.4105138 3.164447e-05 4.724409 0.4586614 3.165192e-05 4.741222 0.4564479 3.165305e-05 4.75689 0.4499583 3.165384e-05 4.770344 0.4396349 3.165425e-05 4.780667 0.4261811 3.165424e-05 4.787157 0.4105138 3.165383e-05 5.433071 0.5118305 4.084498e-05 8.740157 0.5118305 2.042249e-05 9.038815 0.454566 2.042721e-05 9.023622 0.448273 2.042798e-05 9.010576 0.4382624 2.042838e-05 9.000565 0.4252163 2.042837e-05 8.994272 0.4100238 2.042797e-05 9.055118 0.4567124 2.042612e-05 9.071422 0.454566 2.042478e-05 9.086614 0.448273 2.042329e-05 9.09966 0.4382624 2.042174e-05 9.109671 0.4252163 2.042024e-05 9.115964 0.4100238 2.041889e-05 9.76378 0.5118305 2.042249e-05 13.93701 0.5511811 0 13.8189 0.1181102 -2.4869e-14 14.62598 0.5511811 0 13.93701 0.1181102 0 13.8189 0.1181102 -2.4869e-14 13.8189 0.1932078 0.3346457 13.8189 -7.105427e-15 0 13.8189 0.2961068 0.3346457 -0.0492126 0.2961068 0.3346457 -0.1181102 0.5511811 0.265748 -0.1181102 0.2594605 0.265748 -0.0492126 0.5511811 0.3346457 -0.1181102 0.2594605 0.265748 -0.1181102 0.5511811 -2.4869e-14 -0.1181102 0.1181102 -2.4869e-14 -0.1181102 0.5511811 0.2362205 -0.1181102 0.5511811 0.265748 13.93701 0.5511811 0 13.93701 0.2594605 0.265748 13.93701 0.1181102 0 13.93701 0.5511811 0.2362205 13.93701 0.5511811 0.265748 13.93701 0.1181102 0 13.8189 0.2961068 0.3346457 13.8189 0.1181102 -2.4869e-14 13.93701 0.2594605 0.265748 13.86811 0.2961068 0.3346457 -0.1181102 0.5511811 0.265748 13.93701 0.5511811 0.2362205 -0.1181102 0.5511811 0.2362205 13.93701 0.5511811 0.265748 13.86811 0.5511811 0.3346457 -0.0492126 0.5511811 0.3346457 5.842407 0.5511811 0.3346457 6.419428 0.5511811 0.3346457 13.93701 0.2594605 0.265748 13.86811 0.5511811 0.3346457 13.86811 0.2961068 0.3346457 13.93701 0.5511811 0.265748</float_array>
                    <technique_common>
                        <accessor count="124" source="#ID35" stride="3">
                            <param name="X" type="float"/>
                            <param name="Y" type="float"/>
                            <param name="Z" type="float"/>
                        </accessor>
                    </technique_common>
                </source>
                <source id="ID33">
                    <float_array id="ID36" count="372">-1 3.215054e-13 -2.167986e-13 -1 3.215054e-13 -2.167986e-13 -1 3.215054e-13 -2.167986e-13 -1 3.215054e-13 -2.167986e-13 -2.225025e-16 -0.8660254 0.5 -2.225025e-16 -0.8660254 0.5 -2.225025e-16 -0.8660254 0.5 -2.225025e-16 -0.8660254 0.5 -2.41172e-14 -0.8828794 0.4695998 -2.41172e-14 -0.8828794 0.4695998 -2.41172e-14 -0.8828794 0.4695998 -2.41172e-14 -0.8828794 0.4695998 -2.41172e-14 -0.8828794 0.4695998 5.022896e-16 -1.726794e-14 -1 5.022896e-16 -1.726794e-14 -1 5.022896e-16 -1.726794e-14 -1 5.022896e-16 -1.726794e-14 -1 5.022896e-16 -1.726794e-14 -1 5.022896e-16 -1.726794e-14 -1 5.022896e-16 -1.726794e-14 -1 5.022896e-16 -1.726794e-14 -1 5.022896e-16 -1.726794e-14 -1 5.022896e-16 -1.726794e-14 -1 5.022896e-16 -1.726794e-14 -1 5.022896e-16 -1.726794e-14 -1 5.022896e-16 -1.726794e-14 -1 5.022896e-16 -1.726794e-14 -1 5.022896e-16 -1.726794e-14 -1 5.022896e-16 -1.726794e-14 -1 5.022896e-16 -1.726794e-14 -1 5.022896e-16 -1.726794e-14 -1 5.022896e-16 -1.726794e-14 -1 5.022896e-16 -1.726794e-14 -1 5.022896e-16 -1.726794e-14 -1 5.022896e-16 -1.726794e-14 -1 5.022896e-16 -1.726794e-14 -1 5.022896e-16 -1.726794e-14 -1 5.022896e-16 -1.726794e-14 -1 5.022896e-16 -1.726794e-14 -1 5.022896e-16 -1.726794e-14 -1 5.022896e-16 -1.726794e-14 -1 5.022896e-16 -1.726794e-14 -1 5.022896e-16 -1.726794e-14 -1 5.022896e-16 -1.726794e-14 -1 5.022896e-16 -1.726794e-14 -1 5.022896e-16 -1.726794e-14 -1 5.022896e-16 -1.726794e-14 -1 5.022896e-16 -1.726794e-14 -1 5.022896e-16 -1.726794e-14 -1 5.022896e-16 -1.726794e-14 -1 5.022896e-16 -1.726794e-14 -1 5.022896e-16 -1.726794e-14 -1 5.022896e-16 -1.726794e-14 -1 5.022896e-16 -1.726794e-14 -1 5.022896e-16 -1.726794e-14 -1 5.022896e-16 -1.726794e-14 -1 5.022896e-16 -1.726794e-14 -1 5.022896e-16 -1.726794e-14 -1 5.022896e-16 -1.726794e-14 -1 5.022896e-16 -1.726794e-14 -1 5.022896e-16 -1.726794e-14 -1 5.022896e-16 -1.726794e-14 -1 5.022896e-16 -1.726794e-14 -1 5.022896e-16 -1.726794e-14 -1 5.022896e-16 -1.726794e-14 -1 5.022896e-16 -1.726794e-14 -1 5.022896e-16 -1.726794e-14 -1 5.022896e-16 -1.726794e-14 -1 5.022896e-16 -1.726794e-14 -1 5.022896e-16 -1.726794e-14 -1 5.022896e-16 -1.726794e-14 -1 5.022896e-16 -1.726794e-14 -1 5.022896e-16 -1.726794e-14 -1 5.022896e-16 -1.726794e-14 -1 5.022896e-16 -1.726794e-14 -1 5.022896e-16 -1.726794e-14 -1 5.022896e-16 -1.726794e-14 -1 5.022896e-16 -1.726794e-14 -1 5.022896e-16 -1.726794e-14 -1 5.022896e-16 -1.726794e-14 -1 5.022896e-16 -1.726794e-14 -1 5.022896e-16 -1.726794e-14 -1 5.022896e-16 -1.726794e-14 -1 5.022896e-16 -1.726794e-14 -1 5.022896e-16 -1.726794e-14 -1 5.022896e-16 -1.726794e-14 -1 5.022896e-16 -1.726794e-14 -1 5.022896e-16 -1.726794e-14 -1 5.022896e-16 -1.726794e-14 -1 1 -1.539029e-13 1.118989e-13 1 -1.539029e-13 1.118989e-13 1 -1.539029e-13 1.118989e-13 1 -1.539029e-13 1.118989e-13 -0.7071068 -2.621597e-14 0.7071068 -0.7071068 -2.621597e-14 0.7071068 -0.7071068 -2.621597e-14 0.7071068 -0.7071068 -2.621597e-14 0.7071068 -1 -6.159145e-14 9.212456e-14 -1 -6.159145e-14 9.212456e-14 -1 -6.159145e-14 9.212456e-14 -1 -6.159145e-14 9.212456e-14 -1 -6.159145e-14 9.212456e-14 1 4.07403e-14 -1.101314e-13 1 4.07403e-14 -1.101314e-13 1 4.07403e-14 -1.101314e-13 1 4.07403e-14 -1.101314e-13 1 4.07403e-14 -1.101314e-13 -5.798577e-14 -0.8828794 0.4695998 -5.798577e-14 -0.8828794 0.4695998 -5.798577e-14 -0.8828794 0.4695998 -5.798577e-14 -0.8828794 0.4695998 -5.798577e-14 -0.8828794 0.4695998 1.900912e-15 1 -7.419694e-14 1.900912e-15 1 -7.419694e-14 1.900912e-15 1 -7.419694e-14 1.900912e-15 1 -7.419694e-14 1.900912e-15 1 -7.419694e-14 1.900912e-15 1 -7.419694e-14 1.900912e-15 1 -7.419694e-14 1.900912e-15 1 -7.419694e-14 0.7071068 5.041533e-18 0.7071068 0.7071068 5.041533e-18 0.7071068 0.7071068 5.041533e-18 0.7071068 0.7071068 5.041533e-18 0.7071068</float_array>
                    <technique_common>
                        <accessor count="124" source="#ID36" stride="3">
                            <param name="X" type="float"/>
                            <param name="Y" type="float"/>
                            <param name="Z" type="float"/>
                        </accessor>
                    </technique_common>
                </source>
                <vertices id="ID34">
                    <input semantic="POSITION" source="#ID32"/>
                    <input semantic="NORMAL" source="#ID33"/>
                </vertices>
                <triangles count="114" material="Material2">
                    <input offset="0" semantic="VERTEX" source="#ID34"/>
                    <p>0 1 2 1 0 3 4 5 6 5 4 7 8 9 10 9 8 11 9 11 12 13 14 15 14 13 16 16 13 17 14 16 18 14 18 19 19 18 20 20 18 21 21 18 22 22 18 23 23 18 24 24 18 25 19 20 26 19 26 27 19 27 28 19 28 29 19 29 30 19 30 31 19 31 32 19 32 33 14 19 34 14 34 35 35 34 36 14 35 37 14 37 38 38 37 39 39 37 40 40 37 41 41 37 42 42 37 43 43 37 44 38 39 45 38 45 46 38 46 47 38 47 48 38 48 49 38 49 50 38 50 51 38 51 52 14 38 53 54 55 56 55 54 57 57 54 17 57 17 58 58 17 13 17 54 59 59 54 33 59 33 60 59 60 61 59 61 18 18 61 62 18 62 63 18 63 64 18 64 25 60 33 65 65 33 66 66 33 67 67 33 68 68 33 69 69 33 70 70 33 32 33 54 71 71 54 36 71 36 34 36 54 72 72 54 52 72 52 73 72 73 74 72 74 37 37 74 75 37 75 76 37 76 77 37 77 44 73 52 78 78 52 79 79 52 80 80 52 81 81 52 82 82 52 83 83 52 51 52 54 84 84 54 53 53 54 85 53 85 86 53 86 14 85 54 87 88 86 85 89 90 91 90 89 92 93 94 95 94 93 96 97 98 99 98 97 100 100 97 101 102 103 104 103 102 105 106 103 105 107 108 109 108 107 110 108 110 111 112 113 114 113 112 115 115 112 116 116 112 117 116 117 118 119 116 118 120 121 122 121 120 123</p>
                </triangles>
            </mesh>
        </geometry>
        <geometry id="ID37">
            <mesh>
                <source id="ID40">
                    <float_array id="ID43" count="168">-0.1181102 0.5511811 0.2362205 -0.8070866 0.5511811 -2.131628e-14 -0.1181102 0.5511811 -2.4869e-14 -0.8070866 0.5511811 0.2362205 -0.1181102 0.5511811 0.2362205 -0.8070866 0.5826771 0.2362205 -0.8070866 0.5511811 0.2362205 14.62598 0.5826771 0.2362205 13.93701 0.5511811 0.2362205 14.62598 0.5511811 0.2362205 -0.8070866 0.8661416 0.2362205 -0.8070866 0.8346456 0.1811024 -0.8070866 0.8346456 0.2362205 -0.8070866 0.5826771 0.2362205 -0.8070866 0.5511811 -2.131628e-14 -0.8070866 0.5511811 0.2362205 -0.8070866 0.5826771 0.1811024 -0.8070866 0.7874015 -2.131628e-14 -0.8070866 0.8661416 0.1811024 14.62598 0.5511811 0.2362205 13.93701 0.5511811 0 14.62598 0.5511811 0 13.93701 0.5511811 0.2362205 14.62598 0.5511811 0 14.62598 0.5826771 0.1811024 14.62598 0.5511811 0.2362205 14.62598 0.7874015 -2.4869e-14 14.62598 0.8346456 0.1811024 14.62598 0.8661416 0.1811024 14.62598 0.8346456 0.2362205 14.62598 0.8661416 0.2362205 14.62598 0.5826771 0.2362205 -0.8070866 0.5826771 0.1811024 14.62598 0.5826771 0.2362205 14.62598 0.5826771 0.1811024 -0.8070866 0.5826771 0.2362205 14.62598 0.5826771 0.1811024 -0.8070866 0.8346456 0.1811024 -0.8070866 0.5826771 0.1811024 14.62598 0.8346456 0.1811024 14.62598 0.8346456 0.2362205 -0.8070866 0.8346456 0.1811024 14.62598 0.8346456 0.1811024 -0.8070866 0.8346456 0.2362205 14.62598 0.8346456 0.2362205 -0.8070866 0.8661416 0.2362205 -0.8070866 0.8346456 0.2362205 14.62598 0.8661416 0.2362205 -0.8070866 0.8661416 0.1811024 14.62598 0.8661416 0.2362205 14.62598 0.8661416 0.1811024 -0.8070866 0.8661416 0.2362205 -0.8070866 0.7874015 -2.131628e-14 14.62598 0.8661416 0.1811024 14.62598 0.7874015 -2.4869e-14 -0.8070866 0.8661416 0.1811024</float_array>
                    <technique_common>
                        <accessor count="56" source="#ID43" stride="3">
                            <param name="X" type="float"/>
                            <param name="Y" type="float"/>
                            <param name="Z" type="float"/>
                        </accessor>
                    </technique_common>
                </source>
                <source id="ID41">
                    <float_array id="ID44" count="168">6.445638e-15 -1 -3.007964e-14 6.445638e-15 -1 -3.007964e-14 6.445638e-15 -1 -3.007964e-14 6.445638e-15 -1 -3.007964e-14 -9.254753e-16 3.665968e-13 1 -9.254753e-16 3.665968e-13 1 -9.254753e-16 3.665968e-13 1 -9.254753e-16 3.665968e-13 1 -9.254753e-16 3.665968e-13 1 -9.254753e-16 3.665968e-13 1 -1 0 0 -1 0 0 -1 0 0 -1 0 0 -1 0 0 -1 0 0 -1 0 0 -1 0 0 -1 0 0 -1.160215e-14 -1 -1.015188e-13 -1.160215e-14 -1 -1.015188e-13 -1.160215e-14 -1 -1.015188e-13 -1.160215e-14 -1 -1.015188e-13 1 0 0 1 0 0 1 0 0 1 0 0 1 0 0 1 0 0 1 0 0 1 0 0 1 0 0 -2.877517e-16 1 -7.038088e-31 -2.877517e-16 1 -7.038088e-31 -2.877517e-16 1 -7.038088e-31 -2.877517e-16 1 -7.038088e-31 2.302013e-16 -1.299588e-31 1 2.302013e-16 -1.299588e-31 1 2.302013e-16 -1.299588e-31 1 2.302013e-16 -1.299588e-31 1 -8.63255e-16 -1 -2.111426e-30 -8.63255e-16 -1 -2.111426e-30 -8.63255e-16 -1 -2.111426e-30 -8.63255e-16 -1 -2.111426e-30 2.302013e-16 8.114501e-31 1 2.302013e-16 8.114501e-31 1 2.302013e-16 8.114501e-31 1 2.302013e-16 8.114501e-31 1 1.208557e-15 1 -9.668457e-14 1.208557e-15 1 -9.668457e-14 1.208557e-15 1 -9.668457e-14 1.208557e-15 1 -9.668457e-14 1.332952e-15 0.9170701 -0.3987261 1.332952e-15 0.9170701 -0.3987261 1.332952e-15 0.9170701 -0.3987261 1.332952e-15 0.9170701 -0.3987261</float_array>
                    <technique_common>
                        <accessor count="56" source="#ID44" stride="3">
                            <param name="X" type="float"/>
                            <param name="Y" type="float"/>
                            <param name="Z" type="float"/>
                        </accessor>
                    </technique_common>
                </source>
                <vertices id="ID42">
                    <input semantic="POSITION" source="#ID40"/>
                    <input semantic="NORMAL" source="#ID41"/>
                </vertices>
                <triangles count="34" material="Material2">
                    <input offset="0" semantic="VERTEX" source="#ID42"/>
                    <p>0 1 2 1 0 3 4 5 6 5 4 7 7 4 8 7 8 9 10 11 12 13 14 15 14 13 16 14 16 17 17 16 11 17 11 18 18 11 10 19 20 21 20 19 22 23 24 25 24 23 26 24 26 27 27 26 28 27 28 29 29 28 30 31 25 24 32 33 34 33 32 35 36 37 38 37 36 39 40 41 42 41 40 43 44 45 46 45 44 47 48 49 50 49 48 51 52 53 54 53 52 55</p>
                </triangles>
            </mesh>
        </geometry>
        <geometry id="ID45">
            <mesh>
                <source id="ID46">
                    <float_array id="ID49" count="534">-1.687539e-14 0.1932078 0.3346457 0.3444882 0.273622 0.3346457 2.309264e-14 0.2961068 0.3346457 13.8189 0.1932078 0.3346457 0.3134095 0.2777136 0.3346457 0.2844488 0.2897095 0.3346457 0.2595797 0.3087923 0.3346457 0.2404969 0.3336614 0.3346457 0.228501 0.3626221 0.3346457 0.2244094 0.3937008 0.3346457 0.3755669 0.2777136 0.3346457 0.4045276 0.2897095 0.3346457 3.626969 0.273622 0.3346457 0.4293967 0.3087923 0.3346457 0.4484794 0.3336614 0.3346457 0.4604753 0.3626221 0.3346457 0.4645669 0.3937008 0.3346457 3.59589 0.2777136 0.3346457 3.566929 0.2897095 0.3346457 3.54206 0.3087923 0.3346457 3.522977 0.3336614 0.3346457 3.510981 0.3626221 0.3346457 3.50689 0.3937008 0.3346457 3.658047 0.2777136 0.3346457 3.687008 0.2897095 0.3346457 4.724409 0.2834646 0.3346457 3.711877 0.3087923 0.3346457 3.73096 0.3336614 0.3346457 3.742956 0.3626221 0.3346457 3.747047 0.3937008 0.3346457 4.695878 0.2872208 0.3346457 4.669291 0.2982334 0.3346457 4.646461 0.315752 0.3346457 4.628942 0.3385827 0.3346457 4.617929 0.3651696 0.3346457 4.614173 0.3937008 0.3346457 4.752941 0.2872208 0.3346457 4.779528 0.2982334 0.3346457 6.909449 0.273622 0.3346457 4.802358 0.315752 0.3346457 4.819877 0.3385827 0.3346457 4.830889 0.3651696 0.3346457 4.834646 0.3937008 0.3346457 6.87837 0.2777136 0.3346457 5.842407 0.5511811 0.3346457 6.849409 0.2897095 0.3346457 6.419428 0.5511811 0.3346457 6.82454 0.3087923 0.3346457 6.805458 0.3336614 0.3346457 6.793462 0.3626221 0.3346457 6.78937 0.3937008 0.3346457 6.940527 0.2777136 0.3346457 6.969488 0.2897095 0.3346457 6.994357 0.3087923 0.3346457 9.055118 0.283484 0.3346457 7.01344 0.3336614 0.3346457 7.025436 0.3626221 0.3346457 7.029528 0.3937008 0.3346457 9.026587 0.2872402 0.3346457 9 0.2982529 0.3346457 8.977169 0.3157715 0.3346457 8.959651 0.3386021 0.3346457 8.948638 0.365189 0.3346457 8.944882 0.3937202 0.3346457 9.083649 0.2872402 0.3346457 10.19193 0.273622 0.3346457 9.110236 0.2982529 0.3346457 9.133067 0.3157715 0.3346457 9.150585 0.3386021 0.3346457 9.161598 0.365189 0.3346457 9.165354 0.3937202 0.3346457 10.16085 0.2777136 0.3346457 10.13189 0.2897095 0.3346457 10.10702 0.3087923 0.3346457 10.08794 0.3336614 0.3346457 10.07594 0.3626221 0.3346457 10.07185 0.3937008 0.3346457 10.22301 0.2777136 0.3346457 10.25197 0.2897095 0.3346457 10.27684 0.3087923 0.3346457 10.29592 0.3336614 0.3346457 10.30792 0.3626221 0.3346457 10.31201 0.3937008 0.3346457 13.44333 0.2777136 0.3346457 13.41437 0.2897095 0.3346457 13.3895 0.3087923 0.3346457 13.37042 0.3336614 0.3346457 13.35842 0.3626221 0.3346457 13.35433 0.3937008 0.3346457 13.47441 0.273622 0.3346457 13.50549 0.2777136 0.3346457 13.53445 0.2897095 0.3346457 13.55932 0.3087923 0.3346457 13.5784 0.3336614 0.3346457 13.5904 0.3626221 0.3346457 13.59449 0.3937008 0.3346457 6.909449 0.5137795 0.3346457 13.86811 0.5511811 0.3346457 6.87837 0.5096879 0.3346457 6.849409 0.497692 0.3346457 6.82454 0.4786093 0.3346457 6.805458 0.4537402 0.3346457 6.793462 0.4247795 0.3346457 6.940527 0.5096879 0.3346457 6.969488 0.497692 0.3346457 9.055118 0.5039565 0.3346457 6.994357 0.4786093 0.3346457 7.01344 0.4537402 0.3346457 7.025436 0.4247795 0.3346457 9.026587 0.5002002 0.3346457 9 0.4891876 0.3346457 8.977169 0.471669 0.3346457 8.959651 0.4488383 0.3346457 8.948638 0.4222515 0.3346457 10.19193 0.5137795 0.3346457 9.083649 0.5002002 0.3346457 9.110236 0.4891876 0.3346457 9.133067 0.471669 0.3346457 9.150585 0.4488383 0.3346457 9.161598 0.4222515 0.3346457 10.16085 0.5096879 0.3346457 10.13189 0.497692 0.3346457 10.10702 0.4786093 0.3346457 10.08794 0.4537402 0.3346457 10.07594 0.4247795 0.3346457 10.22301 0.5096879 0.3346457 10.25197 0.497692 0.3346457 10.27684 0.4786093 0.3346457 10.29592 0.4537402 0.3346457 10.30792 0.4247795 0.3346457 13.47441 0.5137795 0.3346457 13.44333 0.5096879 0.3346457 13.41437 0.497692 0.3346457 13.3895 0.4786093 0.3346457 13.37042 0.4537402 0.3346457 13.35842 0.4247795 0.3346457 13.50549 0.5096879 0.3346457 13.53445 0.497692 0.3346457 13.55932 0.4786093 0.3346457 13.5784 0.4537402 0.3346457 13.5904 0.4247795 0.3346457 13.8189 0.2961068 0.3346457 13.86811 0.2961068 0.3346457 -0.0492126 0.5511811 0.3346457 -0.0492126 0.2961068 0.3346457 0.2844488 0.497692 0.3346457 0.3134095 0.5096879 0.3346457 0.3444882 0.5137795 0.3346457 0.2595797 0.4786093 0.3346457 0.2404969 0.4537402 0.3346457 0.228501 0.4247795 0.3346457 0.3755669 0.5096879 0.3346457 0.4045276 0.497692 0.3346457 0.4293967 0.4786093 0.3346457 3.626969 0.5137795 0.3346457 0.4484794 0.4537402 0.3346457 0.4604753 0.4247795 0.3346457 3.59589 0.5096879 0.3346457 3.566929 0.497692 0.3346457 3.54206 0.4786093 0.3346457 3.522977 0.4537402 0.3346457 3.510981 0.4247795 0.3346457 3.658047 0.5096879 0.3346457 3.687008 0.497692 0.3346457 3.711877 0.4786093 0.3346457 4.724409 0.503937 0.3346457 3.73096 0.4537402 0.3346457 3.742956 0.4247795 0.3346457 4.695878 0.5001808 0.3346457 4.669291 0.4891682 0.3346457 4.646461 0.4716496 0.3346457 4.628942 0.4488189 0.3346457 4.617929 0.422232 0.3346457 4.752941 0.5001808 0.3346457 4.779528 0.4891682 0.3346457 4.802358 0.4716496 0.3346457 4.819877 0.4488189 0.3346457 4.830889 0.422232 0.3346457</float_array>
                    <technique_common>
                        <accessor count="178" source="#ID49" stride="3">
                            <param name="X" type="float"/>
                            <param name="Y" type="float"/>
                            <param name="Z" type="float"/>
                        </accessor>
                    </technique_common>
                </source>
                <source id="ID47">
                    <float_array id="ID50" count="534">3.258338e-16 -3.113681e-14 1 3.258338e-16 -3.113681e-14 1 3.258338e-16 -3.113681e-14 1 3.258338e-16 -3.113681e-14 1 3.258338e-16 -3.113681e-14 1 3.258338e-16 -3.113681e-14 1 3.258338e-16 -3.113681e-14 1 3.258338e-16 -3.113681e-14 1 3.258338e-16 -3.113681e-14 1 3.258338e-16 -3.113681e-14 1 3.258338e-16 -3.113681e-14 1 3.258338e-16 -3.113681e-14 1 3.258338e-16 -3.113681e-14 1 3.258338e-16 -3.113681e-14 1 3.258338e-16 -3.113681e-14 1 3.258338e-16 -3.113681e-14 1 3.258338e-16 -3.113681e-14 1 3.258338e-16 -3.113681e-14 1 3.258338e-16 -3.113681e-14 1 3.258338e-16 -3.113681e-14 1 3.258338e-16 -3.113681e-14 1 3.258338e-16 -3.113681e-14 1 3.258338e-16 -3.113681e-14 1 3.258338e-16 -3.113681e-14 1 3.258338e-16 -3.113681e-14 1 3.258338e-16 -3.113681e-14 1 3.258338e-16 -3.113681e-14 1 3.258338e-16 -3.113681e-14 1 3.258338e-16 -3.113681e-14 1 3.258338e-16 -3.113681e-14 1 3.258338e-16 -3.113681e-14 1 3.258338e-16 -3.113681e-14 1 3.258338e-16 -3.113681e-14 1 3.258338e-16 -3.113681e-14 1 3.258338e-16 -3.113681e-14 1 3.258338e-16 -3.113681e-14 1 3.258338e-16 -3.113681e-14 1 3.258338e-16 -3.113681e-14 1 3.258338e-16 -3.113681e-14 1 3.258338e-16 -3.113681e-14 1 3.258338e-16 -3.113681e-14 1 3.258338e-16 -3.113681e-14 1 3.258338e-16 -3.113681e-14 1 3.258338e-16 -3.113681e-14 1 3.258338e-16 -3.113681e-14 1 3.258338e-16 -3.113681e-14 1 3.258338e-16 -3.113681e-14 1 3.258338e-16 -3.113681e-14 1 3.258338e-16 -3.113681e-14 1 3.258338e-16 -3.113681e-14 1 3.258338e-16 -3.113681e-14 1 3.258338e-16 -3.113681e-14 1 3.258338e-16 -3.113681e-14 1 3.258338e-16 -3.113681e-14 1 3.258338e-16 -3.113681e-14 1 3.258338e-16 -3.113681e-14 1 3.258338e-16 -3.113681e-14 1 3.258338e-16 -3.113681e-14 1 3.258338e-16 -3.113681e-14 1 3.258338e-16 -3.113681e-14 1 3.258338e-16 -3.113681e-14 1 3.258338e-16 -3.113681e-14 1 3.258338e-16 -3.113681e-14 1 3.258338e-16 -3.113681e-14 1 3.258338e-16 -3.113681e-14 1 3.258338e-16 -3.113681e-14 1 3.258338e-16 -3.113681e-14 1 3.258338e-16 -3.113681e-14 1 3.258338e-16 -3.113681e-14 1 3.258338e-16 -3.113681e-14 1 3.258338e-16 -3.113681e-14 1 3.258338e-16 -3.113681e-14 1 3.258338e-16 -3.113681e-14 1 3.258338e-16 -3.113681e-14 1 3.258338e-16 -3.113681e-14 1 3.258338e-16 -3.113681e-14 1 3.258338e-16 -3.113681e-14 1 3.258338e-16 -3.113681e-14 1 3.258338e-16 -3.113681e-14 1 3.258338e-16 -3.113681e-14 1 3.258338e-16 -3.113681e-14 1 3.258338e-16 -3.113681e-14 1 3.258338e-16 -3.113681e-14 1 3.258338e-16 -3.113681e-14 1 3.258338e-16 -3.113681e-14 1 3.258338e-16 -3.113681e-14 1 3.258338e-16 -3.113681e-14 1 3.258338e-16 -3.113681e-14 1 3.258338e-16 -3.113681e-14 1 3.258338e-16 -3.113681e-14 1 3.258338e-16 -3.113681e-14 1 3.258338e-16 -3.113681e-14 1 3.258338e-16 -3.113681e-14 1 3.258338e-16 -3.113681e-14 1 3.258338e-16 -3.113681e-14 1 3.258338e-16 -3.113681e-14 1 3.258338e-16 -3.113681e-14 1 3.258338e-16 -3.113681e-14 1 3.258338e-16 -3.113681e-14 1 3.258338e-16 -3.113681e-14 1 3.258338e-16 -3.113681e-14 1 3.258338e-16 -3.113681e-14 1 3.258338e-16 -3.113681e-14 1 3.258338e-16 -3.113681e-14 1 3.258338e-16 -3.113681e-14 1 3.258338e-16 -3.113681e-14 1 3.258338e-16 -3.113681e-14 1 3.258338e-16 -3.113681e-14 1 3.258338e-16 -3.113681e-14 1 3.258338e-16 -3.113681e-14 1 3.258338e-16 -3.113681e-14 1 3.258338e-16 -3.113681e-14 1 3.258338e-16 -3.113681e-14 1 3.258338e-16 -3.113681e-14 1 3.258338e-16 -3.113681e-14 1 3.258338e-16 -3.113681e-14 1 3.258338e-16 -3.113681e-14 1 3.258338e-16 -3.113681e-14 1 3.258338e-16 -3.113681e-14 1 3.258338e-16 -3.113681e-14 1 3.258338e-16 -3.113681e-14 1 3.258338e-16 -3.113681e-14 1 3.258338e-16 -3.113681e-14 1 3.258338e-16 -3.113681e-14 1 3.258338e-16 -3.113681e-14 1 3.258338e-16 -3.113681e-14 1 3.258338e-16 -3.113681e-14 1 3.258338e-16 -3.113681e-14 1 3.258338e-16 -3.113681e-14 1 3.258338e-16 -3.113681e-14 1 3.258338e-16 -3.113681e-14 1 3.258338e-16 -3.113681e-14 1 3.258338e-16 -3.113681e-14 1 3.258338e-16 -3.113681e-14 1 3.258338e-16 -3.113681e-14 1 3.258338e-16 -3.113681e-14 1 3.258338e-16 -3.113681e-14 1 3.258338e-16 -3.113681e-14 1 3.258338e-16 -3.113681e-14 1 3.258338e-16 -3.113681e-14 1 3.258338e-16 -3.113681e-14 1 3.258338e-16 -3.113681e-14 1 3.258338e-16 -3.113681e-14 1 3.258338e-16 -3.113681e-14 1 3.258338e-16 -3.113681e-14 1 3.258338e-16 -3.113681e-14 1 3.258338e-16 -3.113681e-14 1 3.258338e-16 -3.113681e-14 1 3.258338e-16 -3.113681e-14 1 3.258338e-16 -3.113681e-14 1 3.258338e-16 -3.113681e-14 1 3.258338e-16 -3.113681e-14 1 3.258338e-16 -3.113681e-14 1 3.258338e-16 -3.113681e-14 1 3.258338e-16 -3.113681e-14 1 3.258338e-16 -3.113681e-14 1 3.258338e-16 -3.113681e-14 1 3.258338e-16 -3.113681e-14 1 3.258338e-16 -3.113681e-14 1 3.258338e-16 -3.113681e-14 1 3.258338e-16 -3.113681e-14 1 3.258338e-16 -3.113681e-14 1 3.258338e-16 -3.113681e-14 1 3.258338e-16 -3.113681e-14 1 3.258338e-16 -3.113681e-14 1 3.258338e-16 -3.113681e-14 1 3.258338e-16 -3.113681e-14 1 3.258338e-16 -3.113681e-14 1 3.258338e-16 -3.113681e-14 1 3.258338e-16 -3.113681e-14 1 3.258338e-16 -3.113681e-14 1 3.258338e-16 -3.113681e-14 1 3.258338e-16 -3.113681e-14 1 3.258338e-16 -3.113681e-14 1 3.258338e-16 -3.113681e-14 1 3.258338e-16 -3.113681e-14 1 3.258338e-16 -3.113681e-14 1 3.258338e-16 -3.113681e-14 1</float_array>
                    <technique_common>
                        <accessor count="178" source="#ID50" stride="3">
                            <param name="X" type="float"/>
                            <param name="Y" type="float"/>
                            <param name="Z" type="float"/>
                        </accessor>
                    </technique_common>
                </source>
                <vertices id="ID48">
                    <input semantic="POSITION" source="#ID46"/>
                    <input semantic="NORMAL" source="#ID47"/>
                </vertices>
                <triangles count="190" material="Material2">
                    <input offset="0" semantic="VERTEX" source="#ID48"/>
                    <p>0 1 2 1 0 3 2 1 4 2 4 5 2 5 6 2 6 7 2 7 8 2 8 9 1 3 10 10 3 11 11 3 12 11 12 13 13 12 14 14 12 15 15 12 16 16 12 17 16 17 18 16 18 19 16 19 20 16 20 21 16 21 22 12 3 23 23 3 24 24 3 25 24 25 26 26 25 27 27 25 28 28 25 29 29 25 30 29 30 31 29 31 32 29 32 33 29 33 34 29 34 35 25 3 36 36 3 37 37 3 38 37 38 39 39 38 40 40 38 41 41 38 42 42 38 43 42 43 44 44 43 45 44 45 46 46 45 47 46 47 48 46 48 49 46 49 50 38 3 51 51 3 52 52 3 53 53 3 54 53 54 55 55 54 56 56 54 57 57 54 58 57 58 59 57 59 60 57 60 61 57 61 62 57 62 63 54 3 64 64 3 65 64 65 66 66 65 67 67 65 68 68 65 69 69 65 70 70 65 71 70 71 72 70 72 73 70 73 74 70 74 75 70 75 76 65 3 77 77 3 78 78 3 79 79 3 80 80 3 81 81 3 82 82 3 83 82 83 84 82 84 85 82 85 86 82 86 87 82 87 88 83 3 89 89 3 90 90 3 91 91 3 92 92 3 93 93 3 94 94 3 95 46 96 97 96 46 98 98 46 99 99 46 100 100 46 101 101 46 102 102 46 50 97 96 103 97 103 104 97 104 105 105 104 106 105 106 107 105 107 108 105 108 57 105 57 109 109 57 110 110 57 111 111 57 112 112 57 113 113 57 63 97 105 114 114 105 115 114 115 116 114 116 117 114 117 118 114 118 119 114 119 70 114 70 120 120 70 121 121 70 122 122 70 123 123 70 124 124 70 76 97 114 125 97 125 126 97 126 127 97 127 128 97 128 129 97 129 82 97 82 130 130 82 131 131 82 132 132 82 133 133 82 134 134 82 135 135 82 88 97 130 136 97 136 137 97 137 138 97 138 139 97 139 140 97 140 95 97 95 141 141 95 3 97 141 142 2 143 144 143 2 145 143 145 146 143 146 147 143 147 44 145 2 148 148 2 149 149 2 150 150 2 9 44 147 151 44 151 152 44 152 153 44 153 154 154 153 155 154 155 156 154 156 16 154 16 157 157 16 158 158 16 159 159 16 160 160 16 161 161 16 22 44 154 162 44 162 163 44 163 164 44 164 165 165 164 166 165 166 167 165 167 29 165 29 168 168 29 169 169 29 170 170 29 171 171 29 172 172 29 35 44 165 173 44 173 174 44 174 175 44 175 176 44 176 177 44 177 42</p>
                </triangles>
            </mesh>
        </geometry>
        <geometry id="ID51">
            <mesh>
                <source id="ID52">
                    <float_array id="ID55" count="60">4.409449 0.5118305 0.1181511 4.015748 0.27561 0.1181511 4.015748 0.5118305 0.1181511 4.409449 0.27561 0.1181511 4.409449 0.27561 0.1181511 4.409449 0.5118305 4.084498e-05 4.409449 0.27561 4.084498e-05 4.409449 0.5118305 0.1181511 4.015748 0.27561 0.1181511 4.409449 0.27561 4.084498e-05 4.015748 0.27561 4.084498e-05 4.409449 0.27561 0.1181511 4.015748 0.5118305 4.084498e-05 4.015748 0.27561 0.1181511 4.015748 0.27561 4.084498e-05 4.015748 0.5118305 0.1181511 4.409449 0.5118305 4.084498e-05 4.015748 0.5118305 0.1181511 4.015748 0.5118305 4.084498e-05 4.409449 0.5118305 0.1181511</float_array>
                    <technique_common>
                        <accessor count="20" source="#ID55" stride="3">
                            <param name="X" type="float"/>
                            <param name="Y" type="float"/>
                            <param name="Z" type="float"/>
                        </accessor>
                    </technique_common>
                </source>
                <source id="ID53">
                    <float_array id="ID56" count="60">1.353584e-14 -6.76792e-14 -1 1.353584e-14 -6.76792e-14 -1 1.353584e-14 -6.76792e-14 -1 1.353584e-14 -6.76792e-14 -1 -1 -1.017883e-27 -1.353584e-14 -1 -1.017883e-27 -1.353584e-14 -1 -1.017883e-27 -1.353584e-14 -1 -1.017883e-27 -1.353584e-14 3.609557e-14 1 -6.76792e-14 3.609557e-14 1 -6.76792e-14 3.609557e-14 1 -6.76792e-14 3.609557e-14 1 -6.76792e-14 1 8.143064e-28 1.353584e-14 1 8.143064e-28 1.353584e-14 1 8.143064e-28 1.353584e-14 1 8.143064e-28 1.353584e-14 -3.609557e-14 -1 6.76792e-14 -3.609557e-14 -1 6.76792e-14 -3.609557e-14 -1 6.76792e-14 -3.609557e-14 -1 6.76792e-14</float_array>
                    <technique_common>
                        <accessor count="20" source="#ID56" stride="3">
                            <param name="X" type="float"/>
                            <param name="Y" type="float"/>
                            <param name="Z" type="float"/>
                        </accessor>
                    </technique_common>
                </source>
                <vertices id="ID54">
                    <input semantic="POSITION" source="#ID52"/>
                    <input semantic="NORMAL" source="#ID53"/>
                </vertices>
                <triangles count="10" material="Material2">
                    <input offset="0" semantic="VERTEX" source="#ID54"/>
                    <p>0 1 2 1 0 3 4 5 6 5 4 7 8 9 10 9 8 11 12 13 14 13 12 15 16 17 18 17 16 19</p>
                </triangles>
            </mesh>
        </geometry>
        <geometry id="ID57">
            <mesh>
                <source id="ID58">
                    <float_array id="ID61" count="60">5.433071 0.5118305 0.1181511 5.03937 0.27561 0.1181511 5.03937 0.5118305 0.1181511 5.433071 0.27561 0.1181511 5.433071 0.27561 0.1181511 5.433071 0.5118305 4.084498e-05 5.433071 0.27561 4.084498e-05 5.433071 0.5118305 0.1181511 5.03937 0.27561 4.084498e-05 5.433071 0.27561 0.1181511 5.433071 0.27561 4.084498e-05 5.03937 0.27561 0.1181511 5.03937 0.5118305 4.084498e-05 5.03937 0.27561 0.1181511 5.03937 0.27561 4.084498e-05 5.03937 0.5118305 0.1181511 5.433071 0.5118305 0.1181511 5.03937 0.5118305 4.084498e-05 5.433071 0.5118305 4.084498e-05 5.03937 0.5118305 0.1181511</float_array>
                    <technique_common>
                        <accessor count="20" source="#ID61" stride="3">
                            <param name="X" type="float"/>
                            <param name="Y" type="float"/>
                            <param name="Z" type="float"/>
                        </accessor>
                    </technique_common>
                </source>
                <source id="ID59">
                    <float_array id="ID62" count="60">-4.060752e-14 -5.263937e-14 -1 -4.060752e-14 -5.263937e-14 -1 -4.060752e-14 -5.263937e-14 -1 -4.060752e-14 -5.263937e-14 -1 -1 2.442919e-27 4.060752e-14 -1 2.442919e-27 4.060752e-14 -1 2.442919e-27 4.060752e-14 -1 2.442919e-27 4.060752e-14 -1.900048e-27 1 -5.263937e-14 -1.900048e-27 1 -5.263937e-14 -1.900048e-27 1 -5.263937e-14 -1.900048e-27 1 -5.263937e-14 1 -1.832189e-27 -4.060752e-14 1 -1.832189e-27 -4.060752e-14 1 -1.832189e-27 -4.060752e-14 1 -1.832189e-27 -4.060752e-14 2.37506e-27 -1 5.263937e-14 2.37506e-27 -1 5.263937e-14 2.37506e-27 -1 5.263937e-14 2.37506e-27 -1 5.263937e-14</float_array>
                    <technique_common>
                        <accessor count="20" source="#ID62" stride="3">
                            <param name="X" type="float"/>
                            <param name="Y" type="float"/>
                            <param name="Z" type="float"/>
                        </accessor>
                    </technique_common>
                </source>
                <vertices id="ID60">
                    <input semantic="POSITION" source="#ID58"/>
                    <input semantic="NORMAL" source="#ID59"/>
                </vertices>
                <triangles count="10" material="Material2">
                    <input offset="0" semantic="VERTEX" source="#ID60"/>
                    <p>0 1 2 1 0 3 4 5 6 5 4 7 8 9 10 9 8 11 12 13 14 13 12 15 16 17 18 17 16 19</p>
                </triangles>
            </mesh>
        </geometry>
        <geometry id="ID63">
            <mesh>
                <source id="ID64">
                    <float_array id="ID67" count="60">8.740157 0.5118305 0.1181307 8.346457 0.27561 0.1181307 8.346457 0.5118305 0.1181307 8.740157 0.27561 0.1181307 8.346457 0.5118305 2.042249e-05 8.346457 0.27561 0.1181307 8.346457 0.27561 2.042249e-05 8.346457 0.5118305 0.1181307 8.740157 0.5118305 0.1181307 8.346457 0.5118305 2.042249e-05 8.740157 0.5118305 2.042249e-05 8.346457 0.5118305 0.1181307 8.740157 0.27561 0.1181307 8.740157 0.5118305 2.042249e-05 8.740157 0.27561 2.042249e-05 8.740157 0.5118305 0.1181307 8.346457 0.27561 2.042249e-05 8.740157 0.27561 0.1181307 8.740157 0.27561 2.042249e-05 8.346457 0.27561 0.1181307</float_array>
                    <technique_common>
                        <accessor count="20" source="#ID67" stride="3">
                            <param name="X" type="float"/>
                            <param name="Y" type="float"/>
                            <param name="Z" type="float"/>
                        </accessor>
                    </technique_common>
                </source>
                <source id="ID65">
                    <float_array id="ID68" count="60">-2.255973e-14 -5.263937e-14 -1 -2.255973e-14 -5.263937e-14 -1 -2.255973e-14 -5.263937e-14 -1 -2.255973e-14 -5.263937e-14 -1 1 -2.035766e-27 -2.255973e-14 1 -2.035766e-27 -2.255973e-14 1 -2.035766e-27 -2.255973e-14 1 -2.035766e-27 -2.255973e-14 0 -1 5.263937e-14 0 -1 5.263937e-14 0 -1 5.263937e-14 0 -1 5.263937e-14 -1 3.392943e-28 2.255973e-14 -1 3.392943e-28 2.255973e-14 -1 3.392943e-28 2.255973e-14 -1 3.392943e-28 2.255973e-14 -2.37506e-27 1 -5.263937e-14 -2.37506e-27 1 -5.263937e-14 -2.37506e-27 1 -5.263937e-14 -2.37506e-27 1 -5.263937e-14</float_array>
                    <technique_common>
                        <accessor count="20" source="#ID68" stride="3">
                            <param name="X" type="float"/>
                            <param name="Y" type="float"/>
                            <param name="Z" type="float"/>
                        </accessor>
                    </technique_common>
                </source>
                <vertices id="ID66">
                    <input semantic="POSITION" source="#ID64"/>
                    <input semantic="NORMAL" source="#ID65"/>
                </vertices>
                <triangles count="10" material="Material2">
                    <input offset="0" semantic="VERTEX" source="#ID66"/>
                    <p>0 1 2 1 0 3 4 5 6 5 4 7 8 9 10 9 8 11 12 13 14 13 12 15 16 17 18 17 16 19</p>
                </triangles>
            </mesh>
        </geometry>
        <geometry id="ID69">
            <mesh>
                <source id="ID70">
                    <float_array id="ID73" count="60">9.76378 0.5118305 0.1181307 9.370079 0.27561 0.1181307 9.370079 0.5118305 0.1181307 9.76378 0.27561 0.1181307 9.370079 0.5118305 2.042249e-05 9.370079 0.27561 0.1181307 9.370079 0.27561 2.042249e-05 9.370079 0.5118305 0.1181307 9.76378 0.5118305 0.1181307 9.370079 0.5118305 2.042249e-05 9.76378 0.5118305 2.042249e-05 9.370079 0.5118305 0.1181307 9.76378 0.27561 0.1181307 9.76378 0.5118305 2.042249e-05 9.76378 0.27561 2.042249e-05 9.76378 0.5118305 0.1181307 9.370079 0.27561 2.042249e-05 9.76378 0.27561 0.1181307 9.76378 0.27561 2.042249e-05 9.370079 0.27561 0.1181307</float_array>
                    <technique_common>
                        <accessor count="20" source="#ID73" stride="3">
                            <param name="X" type="float"/>
                            <param name="Y" type="float"/>
                            <param name="Z" type="float"/>
                        </accessor>
                    </technique_common>
                </source>
                <source id="ID71">
                    <float_array id="ID74" count="60">-2.255973e-14 -3.759955e-14 -1 -2.255973e-14 -3.759955e-14 -1 -2.255973e-14 -3.759955e-14 -1 -2.255973e-14 -3.759955e-14 -1 1 -1.696472e-27 -2.255973e-14 1 -1.696472e-27 -2.255973e-14 1 -1.696472e-27 -2.255973e-14 1 -1.696472e-27 -2.255973e-14 0 -1 3.759955e-14 0 -1 3.759955e-14 0 -1 3.759955e-14 0 -1 3.759955e-14 -1 0 2.255973e-14 -1 0 2.255973e-14 -1 0 2.255973e-14 -1 0 2.255973e-14 -1.696472e-27 1 -3.759955e-14 -1.696472e-27 1 -3.759955e-14 -1.696472e-27 1 -3.759955e-14 -1.696472e-27 1 -3.759955e-14</float_array>
                    <technique_common>
                        <accessor count="20" source="#ID74" stride="3">
                            <param name="X" type="float"/>
                            <param name="Y" type="float"/>
                            <param name="Z" type="float"/>
                        </accessor>
                    </technique_common>
                </source>
                <vertices id="ID72">
                    <input semantic="POSITION" source="#ID70"/>
                    <input semantic="NORMAL" source="#ID71"/>
                </vertices>
                <triangles count="10" material="Material2">
                    <input offset="0" semantic="VERTEX" source="#ID72"/>
                    <p>0 1 2 1 0 3 4 5 6 5 4 7 8 9 10 9 8 11 12 13 14 13 12 15 16 17 18 17 16 19</p>
                </triangles>
            </mesh>
        </geometry>
        <geometry id="ID75">
            <mesh>
                <source id="ID76">
                    <float_array id="ID79" count="216">0.228501 0.3626221 0.230315 0.228501 0.4247795 0.230315 0.2244094 0.3937008 0.230315 0.2404969 0.3336614 0.230315 0.2404969 0.4537402 0.230315 0.2595797 0.3087923 0.230315 0.2595797 0.4786093 0.230315 0.2844488 0.2897095 0.230315 0.2844488 0.497692 0.230315 0.3134095 0.5096879 0.230315 0.3134095 0.2777136 0.230315 0.3444882 0.273622 0.230315 0.3444882 0.5137795 0.230315 0.3755669 0.2777136 0.230315 0.3755669 0.5096879 0.230315 0.4045276 0.2897095 0.230315 0.4045276 0.497692 0.230315 0.4293967 0.4786093 0.230315 0.4293967 0.3087923 0.230315 0.4484794 0.3336614 0.230315 0.4484794 0.4537402 0.230315 0.4604753 0.3626221 0.230315 0.4604753 0.4247795 0.230315 0.4645669 0.3937008 0.230315 0.2595797 0.3087923 0.3346457 0.2844488 0.2897095 0.230315 0.2595797 0.3087923 0.230315 0.2844488 0.2897095 0.3346457 0.3134095 0.2777136 0.230315 0.3134095 0.2777136 0.3346457 0.3444882 0.273622 0.230315 0.3444882 0.273622 0.3346457 0.3755669 0.2777136 0.230315 0.3755669 0.2777136 0.3346457 0.4045276 0.2897095 0.230315 0.4045276 0.2897095 0.3346457 0.4293967 0.3087923 0.230315 0.4293967 0.3087923 0.3346457 0.4484794 0.3336614 0.3346457 0.4484794 0.3336614 0.230315 0.4604753 0.3626221 0.3346457 0.4604753 0.3626221 0.230315 0.4645669 0.3937008 0.3346457 0.4645669 0.3937008 0.230315 0.4604753 0.4247795 0.3346457 0.4604753 0.4247795 0.230315 0.4484794 0.4537402 0.3346457 0.4484794 0.4537402 0.230315 0.4293967 0.4786093 0.3346457 0.4293967 0.4786093 0.230315 0.4045276 0.497692 0.230315 0.4045276 0.497692 0.3346457 0.3755669 0.5096879 0.230315 0.3755669 0.5096879 0.3346457 0.3444882 0.5137795 0.230315 0.3444882 0.5137795 0.3346457 0.3134095 0.5096879 0.230315 0.3134095 0.5096879 0.3346457 0.2844488 0.497692 0.230315 0.2844488 0.497692 0.3346457 0.2595797 0.4786093 0.230315 0.2595797 0.4786093 0.3346457 0.2404969 0.4537402 0.230315 0.2404969 0.4537402 0.3346457 0.228501 0.4247795 0.230315 0.228501 0.4247795 0.3346457 0.2244094 0.3937008 0.230315 0.2244094 0.3937008 0.3346457 0.228501 0.3626221 0.230315 0.228501 0.3626221 0.3346457 0.2404969 0.3336614 0.230315 0.2404969 0.3336614 0.3346457</float_array>
                    <technique_common>
                        <accessor count="72" source="#ID79" stride="3">
                            <param name="X" type="float"/>
                            <param name="Y" type="float"/>
                            <param name="Z" type="float"/>
                        </accessor>
                    </technique_common>
                </source>
                <source id="ID77">
                    <float_array id="ID80" count="216">1.318556e-29 -2.997173e-14 1 1.318556e-29 -2.997173e-14 1 1.318556e-29 -2.997173e-14 1 1.318556e-29 -2.997173e-14 1 1.318556e-29 -2.997173e-14 1 1.318556e-29 -2.997173e-14 1 1.318556e-29 -2.997173e-14 1 1.318556e-29 -2.997173e-14 1 1.318556e-29 -2.997173e-14 1 1.318556e-29 -2.997173e-14 1 1.318556e-29 -2.997173e-14 1 1.318556e-29 -2.997173e-14 1 1.318556e-29 -2.997173e-14 1 1.318556e-29 -2.997173e-14 1 1.318556e-29 -2.997173e-14 1 1.318556e-29 -2.997173e-14 1 1.318556e-29 -2.997173e-14 1 1.318556e-29 -2.997173e-14 1 1.318556e-29 -2.997173e-14 1 1.318556e-29 -2.997173e-14 1 1.318556e-29 -2.997173e-14 1 1.318556e-29 -2.997173e-14 1 1.318556e-29 -2.997173e-14 1 1.318556e-29 -2.997173e-14 1 0.7071068 0.7071068 2.147398e-14 0.5 0.8660254 2.629767e-14 0.7071068 0.7071068 2.147398e-14 0.5 0.8660254 2.629767e-14 0.258819 0.9659258 2.933414e-14 0.258819 0.9659258 2.933414e-14 -1.782222e-17 1 3.036831e-14 -1.782222e-17 1 3.036831e-14 -0.258819 0.9659258 2.933414e-14 -0.258819 0.9659258 2.933414e-14 -0.5 0.8660254 2.630402e-14 -0.5 0.8660254 2.630402e-14 -0.7071068 0.7071068 2.148033e-14 -0.7071068 0.7071068 2.148033e-14 -0.8660254 0.5 1.51874e-14 -0.8660254 0.5 1.51874e-14 -0.9659258 0.258819 7.859551e-15 -0.9659258 0.258819 7.859551e-15 -1 2.477289e-15 -2.008973e-18 -1 -2.477289e-15 -2.008973e-18 -0.9659258 -0.258819 -7.86156e-15 -0.9659258 -0.258819 -7.86156e-15 -0.8660254 -0.5 -1.51874e-14 -0.8660254 -0.5 -1.51874e-14 -0.7071068 -0.7071068 -2.147715e-14 -0.7071068 -0.7071068 -2.147715e-14 -0.5 -0.8660254 -2.630085e-14 -0.5 -0.8660254 -2.630085e-14 -0.258819 -0.9659258 -2.933414e-14 -0.258819 -0.9659258 -2.933414e-14 -1.782222e-17 -1 -3.036831e-14 -1.782222e-17 -1 -3.036831e-14 0.258819 -0.9659258 -2.933414e-14 0.258819 -0.9659258 -2.933414e-14 0.5 -0.8660254 -2.629767e-14 0.5 -0.8660254 -2.629767e-14 0.7071068 -0.7071068 -2.147398e-14 0.7071068 -0.7071068 -2.147398e-14 0.8660254 -0.5 -1.51874e-14 0.8660254 -0.5 -1.51874e-14 0.9659258 -0.258819 -7.860197e-15 0.9659258 -0.258819 -7.860197e-15 1 -3.404044e-15 -6.467122e-19 1 1.550533e-15 -6.467122e-19 0.9659258 0.258819 7.859551e-15 0.9659258 0.258819 7.859551e-15 0.8660254 0.5 1.51874e-14 0.8660254 0.5 1.51874e-14</float_array>
                    <technique_common>
                        <accessor count="72" source="#ID80" stride="3">
                            <param name="X" type="float"/>
                            <param name="Y" type="float"/>
                            <param name="Z" type="float"/>
                        </accessor>
                    </technique_common>
                </source>
                <vertices id="ID78">
                    <input semantic="POSITION" source="#ID76"/>
                    <input semantic="NORMAL" source="#ID77"/>
                </vertices>
                <triangles count="70" material="Material2">
                    <input offset="0" semantic="VERTEX" source="#ID78"/>
                    <p>0 1 2 1 0 3 1 3 4 4 3 5 4 5 6 6 5 7 6 7 8 8 7 9 9 7 10 9 10 11 9 11 12 12 11 13 12 13 14 14 13 15 14 15 16 16 15 17 17 15 18 17 18 19 17 19 20 20 19 21 20 21 22 22 21 23 24 25 26 25 24 27 27 28 25 28 27 29 29 30 28 30 29 31 31 32 30 32 31 33 33 34 32 34 33 35 35 36 34 36 35 37 38 36 37 36 38 39 40 39 38 39 40 41 42 41 40 41 42 43 44 43 42 43 44 45 46 45 44 45 46 47 48 47 46 47 48 49 48 50 49 50 48 51 51 52 50 52 51 53 53 54 52 54 53 55 55 56 54 56 55 57 57 58 56 58 57 59 59 60 58 60 59 61 62 61 63 61 62 60 64 63 65 63 64 62 66 65 67 65 66 64 68 67 69 67 68 66 70 69 71 69 70 68 26 71 24 71 26 70</p>
                </triangles>
            </mesh>
        </geometry>
        <geometry id="ID81">
            <mesh>
                <source id="ID82">
                    <float_array id="ID85" count="216">3.510981 0.3626221 0.230315 3.510981 0.4247795 0.230315 3.50689 0.3937008 0.230315 3.522977 0.3336614 0.230315 3.522977 0.4537402 0.230315 3.54206 0.3087923 0.230315 3.54206 0.4786093 0.230315 3.566929 0.2897095 0.230315 3.566929 0.497692 0.230315 3.59589 0.5096879 0.230315 3.59589 0.2777136 0.230315 3.626969 0.273622 0.230315 3.626969 0.5137795 0.230315 3.658047 0.2777136 0.230315 3.658047 0.5096879 0.230315 3.687008 0.2897095 0.230315 3.687008 0.497692 0.230315 3.711877 0.3087923 0.230315 3.711877 0.4786093 0.230315 3.73096 0.3336614 0.230315 3.73096 0.4537402 0.230315 3.742956 0.3626221 0.230315 3.742956 0.4247795 0.230315 3.747047 0.3937008 0.230315 3.54206 0.3087923 0.3346457 3.566929 0.2897095 0.230315 3.54206 0.3087923 0.230315 3.566929 0.2897095 0.3346457 3.59589 0.2777136 0.230315 3.59589 0.2777136 0.3346457 3.626969 0.273622 0.230315 3.626969 0.273622 0.3346457 3.658047 0.2777136 0.230315 3.658047 0.2777136 0.3346457 3.687008 0.2897095 0.230315 3.687008 0.2897095 0.3346457 3.711877 0.3087923 0.230315 3.711877 0.3087923 0.3346457 3.73096 0.3336614 0.3346457 3.73096 0.3336614 0.230315 3.742956 0.3626221 0.3346457 3.742956 0.3626221 0.230315 3.747047 0.3937008 0.3346457 3.747047 0.3937008 0.230315 3.742956 0.4247795 0.3346457 3.742956 0.4247795 0.230315 3.73096 0.4537402 0.3346457 3.73096 0.4537402 0.230315 3.711877 0.4786093 0.3346457 3.711877 0.4786093 0.230315 3.687008 0.497692 0.230315 3.687008 0.497692 0.3346457 3.658047 0.5096879 0.230315 3.658047 0.5096879 0.3346457 3.626969 0.5137795 0.230315 3.626969 0.5137795 0.3346457 3.59589 0.5096879 0.230315 3.59589 0.5096879 0.3346457 3.566929 0.497692 0.230315 3.566929 0.497692 0.3346457 3.54206 0.4786093 0.230315 3.54206 0.4786093 0.3346457 3.522977 0.4537402 0.3346457 3.522977 0.4537402 0.230315 3.510981 0.4247795 0.3346457 3.510981 0.4247795 0.230315 3.50689 0.3937008 0.3346457 3.50689 0.3937008 0.230315 3.510981 0.3626221 0.3346457 3.510981 0.3626221 0.230315 3.522977 0.3336614 0.3346457 3.522977 0.3336614 0.230315</float_array>
                    <technique_common>
                        <accessor count="72" source="#ID85" stride="3">
                            <param name="X" type="float"/>
                            <param name="Y" type="float"/>
                            <param name="Z" type="float"/>
                        </accessor>
                    </technique_common>
                </source>
                <source id="ID83">
                    <float_array id="ID86" count="216">-3.258338e-16 -2.997173e-14 1 -3.258338e-16 -2.997173e-14 1 -3.258338e-16 -2.997173e-14 1 -3.258338e-16 -2.997173e-14 1 -3.258338e-16 -2.997173e-14 1 -3.258338e-16 -2.997173e-14 1 -3.258338e-16 -2.997173e-14 1 -3.258338e-16 -2.997173e-14 1 -3.258338e-16 -2.997173e-14 1 -3.258338e-16 -2.997173e-14 1 -3.258338e-16 -2.997173e-14 1 -3.258338e-16 -2.997173e-14 1 -3.258338e-16 -2.997173e-14 1 -3.258338e-16 -2.997173e-14 1 -3.258338e-16 -2.997173e-14 1 -3.258338e-16 -2.997173e-14 1 -3.258338e-16 -2.997173e-14 1 -3.258338e-16 -2.997173e-14 1 -3.258338e-16 -2.997173e-14 1 -3.258338e-16 -2.997173e-14 1 -3.258338e-16 -2.997173e-14 1 -3.258338e-16 -2.997173e-14 1 -3.258338e-16 -2.997173e-14 1 -3.258338e-16 -2.997173e-14 1 0.7071068 0.7071068 -3.126753e-16 0.5 0.8660254 -5.046837e-16 0.7071068 0.7071068 -3.126753e-16 0.5 0.8660254 -5.046837e-16 0.258819 0.9659258 -6.573832e-16 0.258819 0.9659258 -6.573832e-16 -1.782222e-17 1 -7.68504e-16 -1.782222e-17 1 -7.68504e-16 -0.258819 0.9659258 -8.260472e-16 -0.258819 0.9659258 -8.260472e-16 -0.5 0.8660254 -8.24164e-16 -0.5 0.8660254 -8.24164e-16 -0.7071068 0.7071068 -7.671203e-16 -0.7071068 0.7071068 -7.671203e-16 -0.8660254 0.5 -6.631836e-16 -0.8660254 0.5 -6.631836e-16 -0.9659258 0.258819 -5.139811e-16 -0.9659258 0.258819 -5.139811e-16 -1 0 -3.278427e-16 -1 0 -3.278427e-16 -0.9659258 -0.258819 -1.174904e-16 -0.9659258 -0.258819 -1.174904e-16 -0.8660254 -0.5 9.882297e-17 -0.8660254 -0.5 9.882297e-17 -0.7071068 -0.7071068 3.094985e-16 -0.7071068 -0.7071068 3.094985e-16 -0.5 -0.8660254 5.01507e-16 -0.5 -0.8660254 5.01507e-16 -0.258819 -0.9659258 6.573832e-16 -0.258819 -0.9659258 6.573832e-16 -1.782222e-17 -1 7.68504e-16 -1.782222e-17 -1 7.68504e-16 0.258819 -0.9659258 8.260472e-16 0.258819 -0.9659258 8.260472e-16 0.5 -0.8660254 8.305174e-16 0.5 -0.8660254 8.305174e-16 0.7071068 -0.7071068 7.734738e-16 0.7071068 -0.7071068 7.734738e-16 0.8660254 -0.5 6.631836e-16 0.8660254 -0.5 6.631836e-16 0.9659258 -0.258819 5.133344e-16 0.9659258 -0.258819 5.133344e-16 1 -9.267554e-16 3.25187e-16 1 -9.267554e-16 3.25187e-16 0.9659258 0.258819 1.154814e-16 0.9659258 0.258819 1.154814e-16 0.8660254 0.5 -9.882297e-17 0.8660254 0.5 -9.882297e-17</float_array>
                    <technique_common>
                        <accessor count="72" source="#ID86" stride="3">
                            <param name="X" type="float"/>
                            <param name="Y" type="float"/>
                            <param name="Z" type="float"/>
                        </accessor>
                    </technique_common>
                </source>
                <vertices id="ID84">
                    <input semantic="POSITION" source="#ID82"/>
                    <input semantic="NORMAL" source="#ID83"/>
                </vertices>
                <triangles count="70" material="Material2">
                    <input offset="0" semantic="VERTEX" source="#ID84"/>
                    <p>0 1 2 1 0 3 1 3 4 4 3 5 4 5 6 6 5 7 6 7 8 8 7 9 9 7 10 9 10 11 9 11 12 12 11 13 12 13 14 14 13 15 14 15 16 16 15 17 16 17 18 18 17 19 18 19 20 20 19 21 20 21 22 22 21 23 24 25 26 25 24 27 27 28 25 28 27 29 29 30 28 30 29 31 31 32 30 32 31 33 33 34 32 34 33 35 35 36 34 36 35 37 38 36 37 36 38 39 40 39 38 39 40 41 42 41 40 41 42 43 44 43 42 43 44 45 46 45 44 45 46 47 48 47 46 47 48 49 48 50 49 50 48 51 51 52 50 52 51 53 53 54 52 54 53 55 55 56 54 56 55 57 57 58 56 58 57 59 59 60 58 60 59 61 60 62 63 62 60 61 63 64 65 64 63 62 65 66 67 66 65 64 67 68 69 68 67 66 69 70 71 70 69 68 71 24 26 24 71 70</p>
                </triangles>
            </mesh>
        </geometry>
        <geometry id="ID87">
            <mesh>
                <source id="ID88">
                    <float_array id="ID91" count="216">6.793462 0.3626221 0.230315 6.793462 0.4247795 0.230315 6.78937 0.3937008 0.230315 6.805458 0.3336614 0.230315 6.805458 0.4537402 0.230315 6.82454 0.3087923 0.230315 6.82454 0.4786093 0.230315 6.849409 0.2897095 0.230315 6.849409 0.497692 0.230315 6.87837 0.2777136 0.230315 6.87837 0.5096879 0.230315 6.909449 0.273622 0.230315 6.909449 0.5137795 0.230315 6.940527 0.2777136 0.230315 6.940527 0.5096879 0.230315 6.969488 0.2897095 0.230315 6.969488 0.497692 0.230315 6.994357 0.4786093 0.230315 6.994357 0.3087923 0.230315 7.01344 0.3336614 0.230315 7.01344 0.4537402 0.230315 7.025436 0.3626221 0.230315 7.025436 0.4247795 0.230315 7.029528 0.3937008 0.230315 6.82454 0.3087923 0.3346457 6.849409 0.2897095 0.230315 6.82454 0.3087923 0.230315 6.849409 0.2897095 0.3346457 6.87837 0.2777136 0.230315 6.87837 0.2777136 0.3346457 6.909449 0.273622 0.230315 6.909449 0.273622 0.3346457 6.940527 0.2777136 0.230315 6.940527 0.2777136 0.3346457 6.969488 0.2897095 0.230315 6.969488 0.2897095 0.3346457 6.994357 0.3087923 0.230315 6.994357 0.3087923 0.3346457 7.01344 0.3336614 0.3346457 7.01344 0.3336614 0.230315 7.025436 0.3626221 0.3346457 7.025436 0.3626221 0.230315 7.029528 0.3937008 0.3346457 7.029528 0.3937008 0.230315 7.025436 0.4247795 0.3346457 7.025436 0.4247795 0.230315 7.01344 0.4537402 0.3346457 7.01344 0.4537402 0.230315 6.994357 0.4786093 0.3346457 6.994357 0.4786093 0.230315 6.969488 0.497692 0.230315 6.969488 0.497692 0.3346457 6.940527 0.5096879 0.230315 6.940527 0.5096879 0.3346457 6.909449 0.5137795 0.230315 6.909449 0.5137795 0.3346457 6.87837 0.5096879 0.230315 6.87837 0.5096879 0.3346457 6.849409 0.497692 0.230315 6.849409 0.497692 0.3346457 6.82454 0.4786093 0.230315 6.82454 0.4786093 0.3346457 6.805458 0.4537402 0.3346457 6.805458 0.4537402 0.230315 6.793462 0.4247795 0.3346457 6.793462 0.4247795 0.230315 6.78937 0.3937008 0.3346457 6.78937 0.3937008 0.230315 6.793462 0.3626221 0.3346457 6.793462 0.3626221 0.230315 6.805458 0.3336614 0.3346457 6.805458 0.3336614 0.230315</float_array>
                    <technique_common>
                        <accessor count="72" source="#ID91" stride="3">
                            <param name="X" type="float"/>
                            <param name="Y" type="float"/>
                            <param name="Z" type="float"/>
                        </accessor>
                    </technique_common>
                </source>
                <source id="ID89">
                    <float_array id="ID92" count="216">-3.258338e-16 -2.997173e-14 1 -3.258338e-16 -2.997173e-14 1 -3.258338e-16 -2.997173e-14 1 -3.258338e-16 -2.997173e-14 1 -3.258338e-16 -2.997173e-14 1 -3.258338e-16 -2.997173e-14 1 -3.258338e-16 -2.997173e-14 1 -3.258338e-16 -2.997173e-14 1 -3.258338e-16 -2.997173e-14 1 -3.258338e-16 -2.997173e-14 1 -3.258338e-16 -2.997173e-14 1 -3.258338e-16 -2.997173e-14 1 -3.258338e-16 -2.997173e-14 1 -3.258338e-16 -2.997173e-14 1 -3.258338e-16 -2.997173e-14 1 -3.258338e-16 -2.997173e-14 1 -3.258338e-16 -2.997173e-14 1 -3.258338e-16 -2.997173e-14 1 -3.258338e-16 -2.997173e-14 1 -3.258338e-16 -2.997173e-14 1 -3.258338e-16 -2.997173e-14 1 -3.258338e-16 -2.997173e-14 1 -3.258338e-16 -2.997173e-14 1 -3.258338e-16 -2.997173e-14 1 0.7071068 0.7071068 -3.126753e-16 0.5 0.8660254 -5.046837e-16 0.7071068 0.7071068 -3.126753e-16 0.5 0.8660254 -5.046837e-16 0.258819 0.9659258 -6.573832e-16 0.258819 0.9659258 -6.573832e-16 -1.782222e-17 1 -7.68504e-16 -1.782222e-17 1 -7.68504e-16 -0.258819 0.9659258 -8.260472e-16 -0.258819 0.9659258 -8.260472e-16 -0.5 0.8660254 -8.24164e-16 -0.5 0.8660254 -8.24164e-16 -0.7071068 0.7071068 -7.671203e-16 -0.7071068 0.7071068 -7.671203e-16 -0.8660254 0.5 -6.631836e-16 -0.8660254 0.5 -6.631836e-16 -0.9659258 0.258819 -5.139811e-16 -0.9659258 0.258819 -5.139811e-16 -1 0 -3.278427e-16 -1 0 -3.278427e-16 -0.9659258 -0.258819 -1.174904e-16 -0.9659258 -0.258819 -1.174904e-16 -0.8660254 -0.5 9.882297e-17 -0.8660254 -0.5 9.882297e-17 -0.7071068 -0.7071068 3.094985e-16 -0.7071068 -0.7071068 3.094985e-16 -0.5 -0.8660254 5.01507e-16 -0.5 -0.8660254 5.01507e-16 -0.258819 -0.9659258 6.573832e-16 -0.258819 -0.9659258 6.573832e-16 -1.782222e-17 -1 7.68504e-16 -1.782222e-17 -1 7.68504e-16 0.258819 -0.9659258 8.260472e-16 0.258819 -0.9659258 8.260472e-16 0.5 -0.8660254 8.305174e-16 0.5 -0.8660254 8.305174e-16 0.7071068 -0.7071068 7.734738e-16 0.7071068 -0.7071068 7.734738e-16 0.8660254 -0.5 6.631836e-16 0.8660254 -0.5 6.631836e-16 0.9659258 -0.258819 5.133344e-16 0.9659258 -0.258819 5.133344e-16 1 -9.267554e-16 3.25187e-16 1 -9.267554e-16 3.25187e-16 0.9659258 0.258819 1.154814e-16 0.9659258 0.258819 1.154814e-16 0.8660254 0.5 -9.882297e-17 0.8660254 0.5 -9.882297e-17</float_array>
                    <technique_common>
                        <accessor count="72" source="#ID92" stride="3">
                            <param name="X" type="float"/>
                            <param name="Y" type="float"/>
                            <param name="Z" type="float"/>
                        </accessor>
                    </technique_common>
                </source>
                <vertices id="ID90">
                    <input semantic="POSITION" source="#ID88"/>
                    <input semantic="NORMAL" source="#ID89"/>
                </vertices>
                <triangles count="70" material="Material2">
                    <input offset="0" semantic="VERTEX" source="#ID90"/>
                    <p>0 1 2 1 0 3 1 3 4 4 3 5 4 5 6 6 5 7 6 7 8 8 7 9 8 9 10 10 9 11 10 11 12 12 11 13 12 13 14 14 13 15 14 15 16 16 15 17 17 15 18 17 18 19 17 19 20 20 19 21 20 21 22 22 21 23 24 25 26 25 24 27 27 28 25 28 27 29 29 30 28 30 29 31 31 32 30 32 31 33 33 34 32 34 33 35 35 36 34 36 35 37 38 36 37 36 38 39 40 39 38 39 40 41 42 41 40 41 42 43 44 43 42 43 44 45 46 45 44 45 46 47 48 47 46 47 48 49 48 50 49 50 48 51 51 52 50 52 51 53 53 54 52 54 53 55 55 56 54 56 55 57 57 58 56 58 57 59 59 60 58 60 59 61 60 62 63 62 60 61 63 64 65 64 63 62 65 66 67 66 65 64 67 68 69 68 67 66 69 70 71 70 69 68 71 24 26 24 71 70</p>
                </triangles>
            </mesh>
        </geometry>
        <geometry id="ID93">
            <mesh>
                <source id="ID94">
                    <float_array id="ID97" count="216">10.07594 0.3626221 0.230315 10.07594 0.4247795 0.230315 10.07185 0.3937008 0.230315 10.08794 0.3336614 0.230315 10.08794 0.4537402 0.230315 10.10702 0.3087923 0.230315 10.10702 0.4786093 0.230315 10.13189 0.2897095 0.230315 10.13189 0.497692 0.230315 10.16085 0.5096879 0.230315 10.16085 0.2777136 0.230315 10.19193 0.273622 0.230315 10.19193 0.5137795 0.230315 10.22301 0.2777136 0.230315 10.22301 0.5096879 0.230315 10.25197 0.2897095 0.230315 10.25197 0.497692 0.230315 10.27684 0.3087923 0.230315 10.27684 0.4786093 0.230315 10.29592 0.3336614 0.230315 10.29592 0.4537402 0.230315 10.30792 0.3626221 0.230315 10.30792 0.4247795 0.230315 10.31201 0.3937008 0.230315 10.10702 0.3087923 0.3346457 10.13189 0.2897095 0.230315 10.10702 0.3087923 0.230315 10.13189 0.2897095 0.3346457 10.16085 0.2777136 0.230315 10.16085 0.2777136 0.3346457 10.19193 0.273622 0.230315 10.19193 0.273622 0.3346457 10.22301 0.2777136 0.230315 10.22301 0.2777136 0.3346457 10.25197 0.2897095 0.230315 10.25197 0.2897095 0.3346457 10.27684 0.3087923 0.230315 10.27684 0.3087923 0.3346457 10.29592 0.3336614 0.3346457 10.29592 0.3336614 0.230315 10.30792 0.3626221 0.3346457 10.30792 0.3626221 0.230315 10.31201 0.3937008 0.3346457 10.31201 0.3937008 0.230315 10.30792 0.4247795 0.3346457 10.30792 0.4247795 0.230315 10.29592 0.4537402 0.3346457 10.29592 0.4537402 0.230315 10.27684 0.4786093 0.3346457 10.27684 0.4786093 0.230315 10.25197 0.497692 0.230315 10.25197 0.497692 0.3346457 10.22301 0.5096879 0.230315 10.22301 0.5096879 0.3346457 10.19193 0.5137795 0.230315 10.19193 0.5137795 0.3346457 10.16085 0.5096879 0.230315 10.16085 0.5096879 0.3346457 10.13189 0.497692 0.230315 10.13189 0.497692 0.3346457 10.10702 0.4786093 0.230315 10.10702 0.4786093 0.3346457 10.08794 0.4537402 0.3346457 10.08794 0.4537402 0.230315 10.07594 0.4247795 0.3346457 10.07594 0.4247795 0.230315 10.07185 0.3937008 0.3346457 10.07185 0.3937008 0.230315 10.07594 0.3626221 0.3346457 10.07594 0.3626221 0.230315 10.08794 0.3336614 0.3346457 10.08794 0.3336614 0.230315</float_array>
                    <technique_common>
                        <accessor count="72" source="#ID97" stride="3">
                            <param name="X" type="float"/>
                            <param name="Y" type="float"/>
                            <param name="Z" type="float"/>
                        </accessor>
                    </technique_common>
                </source>
                <source id="ID95">
                    <float_array id="ID98" count="216">-3.258338e-16 -2.997173e-14 1 -3.258338e-16 -2.997173e-14 1 -3.258338e-16 -2.997173e-14 1 -3.258338e-16 -2.997173e-14 1 -3.258338e-16 -2.997173e-14 1 -3.258338e-16 -2.997173e-14 1 -3.258338e-16 -2.997173e-14 1 -3.258338e-16 -2.997173e-14 1 -3.258338e-16 -2.997173e-14 1 -3.258338e-16 -2.997173e-14 1 -3.258338e-16 -2.997173e-14 1 -3.258338e-16 -2.997173e-14 1 -3.258338e-16 -2.997173e-14 1 -3.258338e-16 -2.997173e-14 1 -3.258338e-16 -2.997173e-14 1 -3.258338e-16 -2.997173e-14 1 -3.258338e-16 -2.997173e-14 1 -3.258338e-16 -2.997173e-14 1 -3.258338e-16 -2.997173e-14 1 -3.258338e-16 -2.997173e-14 1 -3.258338e-16 -2.997173e-14 1 -3.258338e-16 -2.997173e-14 1 -3.258338e-16 -2.997173e-14 1 -3.258338e-16 -2.997173e-14 1 0.7071068 0.7071068 -3.126753e-16 0.5 0.8660254 -5.046837e-16 0.7071068 0.7071068 -3.126753e-16 0.5 0.8660254 -5.046837e-16 0.258819 0.9659258 -6.573832e-16 0.258819 0.9659258 -6.573832e-16 -1.782222e-17 1 -7.68504e-16 -1.782222e-17 1 -7.68504e-16 -0.258819 0.9659258 -8.260472e-16 -0.258819 0.9659258 -8.260472e-16 -0.5 0.8660254 -8.24164e-16 -0.5 0.8660254 -8.24164e-16 -0.7071068 0.7071068 -7.671203e-16 -0.7071068 0.7071068 -7.671203e-16 -0.8660254 0.5 -6.631836e-16 -0.8660254 0.5 -6.631836e-16 -0.9659258 0.258819 -5.139811e-16 -0.9659258 0.258819 -5.139811e-16 -1 0 -3.278427e-16 -1 0 -3.278427e-16 -0.9659258 -0.258819 -1.174904e-16 -0.9659258 -0.258819 -1.174904e-16 -0.8660254 -0.5 9.882297e-17 -0.8660254 -0.5 9.882297e-17 -0.7071068 -0.7071068 3.094985e-16 -0.7071068 -0.7071068 3.094985e-16 -0.5 -0.8660254 5.01507e-16 -0.5 -0.8660254 5.01507e-16 -0.258819 -0.9659258 6.573832e-16 -0.258819 -0.9659258 6.573832e-16 -1.782222e-17 -1 7.68504e-16 -1.782222e-17 -1 7.68504e-16 0.258819 -0.9659258 8.260472e-16 0.258819 -0.9659258 8.260472e-16 0.5 -0.8660254 8.305174e-16 0.5 -0.8660254 8.305174e-16 0.7071068 -0.7071068 7.734738e-16 0.7071068 -0.7071068 7.734738e-16 0.8660254 -0.5 6.631836e-16 0.8660254 -0.5 6.631836e-16 0.9659258 -0.258819 5.133344e-16 0.9659258 -0.258819 5.133344e-16 1 -9.267554e-16 3.25187e-16 1 -9.267554e-16 3.25187e-16 0.9659258 0.258819 1.154814e-16 0.9659258 0.258819 1.154814e-16 0.8660254 0.5 -9.882297e-17 0.8660254 0.5 -9.882297e-17</float_array>
                    <technique_common>
                        <accessor count="72" source="#ID98" stride="3">
                            <param name="X" type="float"/>
                            <param name="Y" type="float"/>
                            <param name="Z" type="float"/>
                        </accessor>
                    </technique_common>
                </source>
                <vertices id="ID96">
                    <input semantic="POSITION" source="#ID94"/>
                    <input semantic="NORMAL" source="#ID95"/>
                </vertices>
                <triangles count="70" material="Material2">
                    <input offset="0" semantic="VERTEX" source="#ID96"/>
                    <p>0 1 2 1 0 3 1 3 4 4 3 5 4 5 6 6 5 7 6 7 8 8 7 9 9 7 10 9 10 11 9 11 12 12 11 13 12 13 14 14 13 15 14 15 16 16 15 17 16 17 18 18 17 19 18 19 20 20 19 21 20 21 22 22 21 23 24 25 26 25 24 27 27 28 25 28 27 29 29 30 28 30 29 31 31 32 30 32 31 33 33 34 32 34 33 35 35 36 34 36 35 37 38 36 37 36 38 39 40 39 38 39 40 41 42 41 40 41 42 43 44 43 42 43 44 45 46 45 44 45 46 47 48 47 46 47 48 49 48 50 49 50 48 51 51 52 50 52 51 53 53 54 52 54 53 55 55 56 54 56 55 57 57 58 56 58 57 59 59 60 58 60 59 61 60 62 63 62 60 61 63 64 65 64 63 62 65 66 67 66 65 64 67 68 69 68 67 66 69 70 71 70 69 68 71 24 26 24 71 70</p>
                </triangles>
            </mesh>
        </geometry>
        <geometry id="ID99">
            <mesh>
                <source id="ID100">
                    <float_array id="ID103" count="216">13.35842 0.3626221 0.230315 13.35842 0.4247795 0.230315 13.35433 0.3937008 0.230315 13.37042 0.3336614 0.230315 13.37042 0.4537402 0.230315 13.3895 0.3087923 0.230315 13.3895 0.4786093 0.230315 13.41437 0.2897095 0.230315 13.41437 0.497692 0.230315 13.44333 0.2777136 0.230315 13.44333 0.5096879 0.230315 13.47441 0.273622 0.230315 13.47441 0.5137795 0.230315 13.50549 0.2777136 0.230315 13.50549 0.5096879 0.230315 13.53445 0.2897095 0.230315 13.53445 0.497692 0.230315 13.55932 0.4786093 0.230315 13.55932 0.3087923 0.230315 13.5784 0.3336614 0.230315 13.5784 0.4537402 0.230315 13.5904 0.3626221 0.230315 13.5904 0.4247795 0.230315 13.59449 0.3937008 0.230315 13.3895 0.3087923 0.3346457 13.41437 0.2897095 0.230315 13.3895 0.3087923 0.230315 13.41437 0.2897095 0.3346457 13.44333 0.2777136 0.230315 13.44333 0.2777136 0.3346457 13.47441 0.273622 0.230315 13.47441 0.273622 0.3346457 13.50549 0.2777136 0.230315 13.50549 0.2777136 0.3346457 13.53445 0.2897095 0.230315 13.53445 0.2897095 0.3346457 13.55932 0.3087923 0.230315 13.55932 0.3087923 0.3346457 13.5784 0.3336614 0.3346457 13.5784 0.3336614 0.230315 13.5904 0.3626221 0.3346457 13.5904 0.3626221 0.230315 13.59449 0.3937008 0.3346457 13.59449 0.3937008 0.230315 13.5904 0.4247795 0.3346457 13.5904 0.4247795 0.230315 13.5784 0.4537402 0.3346457 13.5784 0.4537402 0.230315 13.55932 0.4786093 0.3346457 13.55932 0.4786093 0.230315 13.53445 0.497692 0.230315 13.53445 0.497692 0.3346457 13.50549 0.5096879 0.230315 13.50549 0.5096879 0.3346457 13.47441 0.5137795 0.230315 13.47441 0.5137795 0.3346457 13.44333 0.5096879 0.230315 13.44333 0.5096879 0.3346457 13.41437 0.497692 0.230315 13.41437 0.497692 0.3346457 13.3895 0.4786093 0.230315 13.3895 0.4786093 0.3346457 13.37042 0.4537402 0.3346457 13.37042 0.4537402 0.230315 13.35842 0.4247795 0.3346457 13.35842 0.4247795 0.230315 13.35433 0.3937008 0.3346457 13.35433 0.3937008 0.230315 13.35842 0.3626221 0.3346457 13.35842 0.3626221 0.230315 13.37042 0.3336614 0.3346457 13.37042 0.3336614 0.230315</float_array>
                    <technique_common>
                        <accessor count="72" source="#ID103" stride="3">
                            <param name="X" type="float"/>
                            <param name="Y" type="float"/>
                            <param name="Z" type="float"/>
                        </accessor>
                    </technique_common>
                </source>
                <source id="ID101">
                    <float_array id="ID104" count="216">-3.258338e-16 -2.997173e-14 1 -3.258338e-16 -2.997173e-14 1 -3.258338e-16 -2.997173e-14 1 -3.258338e-16 -2.997173e-14 1 -3.258338e-16 -2.997173e-14 1 -3.258338e-16 -2.997173e-14 1 -3.258338e-16 -2.997173e-14 1 -3.258338e-16 -2.997173e-14 1 -3.258338e-16 -2.997173e-14 1 -3.258338e-16 -2.997173e-14 1 -3.258338e-16 -2.997173e-14 1 -3.258338e-16 -2.997173e-14 1 -3.258338e-16 -2.997173e-14 1 -3.258338e-16 -2.997173e-14 1 -3.258338e-16 -2.997173e-14 1 -3.258338e-16 -2.997173e-14 1 -3.258338e-16 -2.997173e-14 1 -3.258338e-16 -2.997173e-14 1 -3.258338e-16 -2.997173e-14 1 -3.258338e-16 -2.997173e-14 1 -3.258338e-16 -2.997173e-14 1 -3.258338e-16 -2.997173e-14 1 -3.258338e-16 -2.997173e-14 1 -3.258338e-16 -2.997173e-14 1 0.7071068 0.7071068 -3.126753e-16 0.5 0.8660254 -5.046837e-16 0.7071068 0.7071068 -3.126753e-16 0.5 0.8660254 -5.046837e-16 0.258819 0.9659258 -6.573832e-16 0.258819 0.9659258 -6.573832e-16 -1.782222e-17 1 -7.68504e-16 -1.782222e-17 1 -7.68504e-16 -0.258819 0.9659258 -8.260472e-16 -0.258819 0.9659258 -8.260472e-16 -0.5 0.8660254 -8.24164e-16 -0.5 0.8660254 -8.24164e-16 -0.7071068 0.7071068 -7.671203e-16 -0.7071068 0.7071068 -7.671203e-16 -0.8660254 0.5 -6.631836e-16 -0.8660254 0.5 -6.631836e-16 -0.9659258 0.258819 -5.139811e-16 -0.9659258 0.258819 -5.139811e-16 -1 0 -3.278427e-16 -1 0 -3.278427e-16 -0.9659258 -0.258819 -1.174904e-16 -0.9659258 -0.258819 -1.174904e-16 -0.8660254 -0.5 9.882297e-17 -0.8660254 -0.5 9.882297e-17 -0.7071068 -0.7071068 3.094985e-16 -0.7071068 -0.7071068 3.094985e-16 -0.5 -0.8660254 5.01507e-16 -0.5 -0.8660254 5.01507e-16 -0.258819 -0.9659258 6.573832e-16 -0.258819 -0.9659258 6.573832e-16 -1.782222e-17 -1 7.68504e-16 -1.782222e-17 -1 7.68504e-16 0.258819 -0.9659258 8.260472e-16 0.258819 -0.9659258 8.260472e-16 0.5 -0.8660254 8.305174e-16 0.5 -0.8660254 8.305174e-16 0.7071068 -0.7071068 7.734738e-16 0.7071068 -0.7071068 7.734738e-16 0.8660254 -0.5 6.631836e-16 0.8660254 -0.5 6.631836e-16 0.9659258 -0.258819 5.133344e-16 0.9659258 -0.258819 5.133344e-16 1 -9.267554e-16 3.25187e-16 1 -9.267554e-16 3.25187e-16 0.9659258 0.258819 1.154814e-16 0.9659258 0.258819 1.154814e-16 0.8660254 0.5 -9.882297e-17 0.8660254 0.5 -9.882297e-17</float_array>
                    <technique_common>
                        <accessor count="72" source="#ID104" stride="3">
                            <param name="X" type="float"/>
                            <param name="Y" type="float"/>
                            <param name="Z" type="float"/>
                        </accessor>
                    </technique_common>
                </source>
                <vertices id="ID102">
                    <input semantic="POSITION" source="#ID100"/>
                    <input semantic="NORMAL" source="#ID101"/>
                </vertices>
                <triangles count="70" material="Material2">
                    <input offset="0" semantic="VERTEX" source="#ID102"/>
                    <p>0 1 2 1 0 3 1 3 4 4 3 5 4 5 6 6 5 7 6 7 8 8 7 9 8 9 10 10 9 11 10 11 12 12 11 13 12 13 14 14 13 15 14 15 16 16 15 17 17 15 18 17 18 19 17 19 20 20 19 21 20 21 22 22 21 23 24 25 26 25 24 27 27 28 25 28 27 29 29 30 28 30 29 31 31 32 30 32 31 33 33 34 32 34 33 35 35 36 34 36 35 37 38 36 37 36 38 39 40 39 38 39 40 41 42 41 40 41 42 43 44 43 42 43 44 45 46 45 44 45 46 47 48 47 46 47 48 49 48 50 49 50 48 51 51 52 50 52 51 53 53 54 52 54 53 55 55 56 54 56 55 57 57 58 56 58 57 59 59 60 58 60 59 61 60 62 63 62 60 61 63 64 65 64 63 62 65 66 67 66 65 64 67 68 69 68 67 66 69 70 71 70 69 68 71 24 26 24 71 70</p>
                </triangles>
            </mesh>
        </geometry>
    </library_geometries>
    <library_materials>
        <material id="ID6" name="M08_Obsidian_Black">
            <instance_effect url="#ID7"/>
        </material>
        <material id="ID39" name="material">
            <instance_effect url="#ID38"/>
        </material>
    </library_materials>
    <library_effects>
        <effect id="ID7">
            <profile_COMMON>
                <technique sid="COMMON">
                    <lambert>
                        <diffuse>
                            <color>0.1176471 0.1176471 0.1176471 1</color>
                        </diffuse>
                    </lambert>
                </technique>
            </profile_COMMON>
        </effect>
        <effect id="ID38">
            <profile_COMMON>
                <technique sid="COMMON">
                    <lambert>
                        <diffuse>
                            <color>1 1 1 1</color>
                        </diffuse>
                    </lambert>
                </technique>
            </profile_COMMON>
        </effect>
    </library_effects>
    <scene>
        <instance_visual_scene url="#ID2"/>
    </scene>
</COLLADA>
